sample_id,session_id,label,split,mixture_ratio,ring_width_ratio,spread_radius,decay_softness,texture_noise,center_dx,center_dy,ring_hue_shift,halo_present,image_width,image_height,seed,synthetic
smp_000001,ses_csf_like_00001,csf_like,train,0.7422,0.3456,0.6643,0.4984,0.0609,-0.0178,-0.0178,7.65,True,512,512,42000127,True
smp_000002,ses_csf_like_00001,csf_like,train,0.9198,0.4338,0.8196,0.4354,0.0538,-0.0311,0.0311,3.13,True,512,512,42000128,True
smp_000003,ses_csf_like_00001,csf_like,train,0.6717,0.447,0.9369,0.4216,0.0582,-0.0279,-0.0279,-0.09,True,512,512,42000129,True
smp_000004,ses_csf_like_00002,csf_like,train,0.6184,0.3609,0.8641,0.53,0.0709,0.0188,0.0188,4.81,True,512,512,42000130,True
smp_000005,ses_csf_like_00003,csf_like,train,0.762,0.3397,0.8366,0.5364,0.0567,0.0008,0.0008,-1.38,True,512,512,42000131,True
smp_000006,ses_csf_like_00004,csf_like,train,0.7024,0.4307,0.7672,0.5056,0.0455,0.005,0.005,-1.5,True,512,512,42000132,True
smp_000007,ses_csf_like_00004,csf_like,train,0.6001,0.3183,0.8465,0.3795,0.039,-0.0027,-0.0027,3.44,True,512,512,42000133,True
smp_000008,ses_csf_like_00004,csf_like,train,0.7265,0.4212,0.933,0.517,0.0422,0.0243,-0.0243,2.15,True,512,512,42000134,True
smp_000009,ses_csf_like_00005,csf_like,validation,0.9167,0.3429,0.866,0.4451,0.0701,0.0397,0.0397,4.72,True,512,512,42000135,True
smp_000010,ses_csf_like_00006,csf_like,train,0.7558,0.4306,0.7864,0.3986,0.0603,-0.0013,-0.0013,6.06,True,512,512,42000136,True
smp_000011,ses_csf_like_00006,csf_like,train,0.8462,0.4191,0.6547,0.5054,0.045,0.0111,-0.0111,-2.81,True,512,512,42000137,True
smp_000012,ses_csf_like_00007,csf_like,test,0.7064,0.3296,0.7985,0.5404,0.0645,0.0092,-0.0092,5.03,True,512,512,42000138,True
smp_000013,ses_csf_like_00008,csf_like,train,0.7438,0.3952,0.7458,0.4892,0.069,0.0062,-0.0062,6.42,True,512,512,42000139,True
smp_000014,ses_csf_like_00009,csf_like,train,0.644,0.4396,0.8979,0.5011,0.0705,-0.0053,0.0053,-3.0,True,512,512,42000140,True
smp_000015,ses_csf_like_00010,csf_like,train,0.9246,0.3589,0.891,0.3936,0.0592,0.0155,0.0155,-3.55,True,512,512,42000141,True
smp_000016,ses_csf_like_00010,csf_like,train,0.9066,0.3565,0.6858,0.5174,0.0698,-0.004,0.004,6.8,True,512,512,42000142,True
smp_000017,ses_csf_like_00011,csf_like,train,0.7156,0.4374,0.666,0.3744,0.0522,0.0083,-0.0083,-4.74,True,512,512,42000143,True
smp_000018,ses_csf_like_00011,csf_like,train,0.7135,0.3254,0.7704,0.4141,0.0402,-0.0383,0.0383,2.51,True,512,512,42000144,True
smp_000019,ses_csf_like_00012,csf_like,train,0.8398,0.3827,0.913,0.4417,0.0598,0.0027,-0.0027,7.19,True,512,512,42000145,True
smp_000020,ses_csf_like_00012,csf_like,train,0.5943,0.371,0.9423,0.4187,0.0663,-0.0124,0.0124,-0.45,True,512,512,42000146,True
smp_000021,ses_csf_like_00013,csf_like,train,0.683,0.3339,0.9487,0.361,0.0447,-0.0341,-0.0341,6.61,True,512,512,42000147,True
smp_000022,ses_csf_like_00013,csf_like,train,0.6056,0.3695,0.9377,0.3703,0.0778,-0.0271,-0.0271,-3.33,True,512,512,42000148,True
smp_000023,ses_csf_like_00013,csf_like,train,0.654,0.3125,0.8665,0.4009,0.0388,0.0089,-0.0089,5.27,True,512,512,42000149,True
smp_000024,ses_csf_like_00014,csf_like,train,0.8567,0.3209,0.7481,0.4253,0.0346,0.004,0.004,7.62,True,512,512,42000150,True
smp_000025,ses_csf_like_00014,csf_like,train,0.6607,0.3167,0.8386,0.4741,0.0741,-0.0054,-0.0054,1.21,True,512,512,42000151,True
smp_000026,ses_csf_like_00015,csf_like,train,0.8628,0.363,0.7585,0.4111,0.0637,-0.0214,-0.0214,4.79,True,512,512,42000152,True
smp_000027,ses_csf_like_00016,csf_like,train,0.7293,0.3766,0.72,0.5057,0.0799,-0.0218,0.0218,-3.86,True,512,512,42000153,True
smp_000028,ses_csf_like_00016,csf_like,train,0.7391,0.3489,0.7464,0.4337,0.0379,-0.0184,0.0184,-4.99,True,512,512,42000154,True
smp_000029,ses_csf_like_00017,csf_like,train,0.7255,0.3203,0.8377,0.5126,0.0337,0.0301,0.0301,-4.79,True,512,512,42000155,True
smp_000030,ses_csf_like_00017,csf_like,train,0.95,0.3279,0.7417,0.3836,0.0713,0.0058,-0.0058,-4.97,True,512,512,42000156,True
smp_000031,ses_csf_like_00018,csf_like,train,0.773,0.3791,0.7769,0.3919,0.0754,0.0256,0.0256,-2.07,True,512,512,42000157,True
smp_000032,ses_csf_like_00019,csf_like,validation,0.6325,0.3451,0.8777,0.451,0.0416,-0.0144,-0.0144,-3.6,True,512,512,42000158,True
smp_000033,ses_csf_like_00019,csf_like,validation,0.7658,0.3558,0.7713,0.3968,0.0427,-0.0194,0.0194,-0.73,True,512,512,42000159,True
smp_000034,ses_csf_like_00019,csf_like,validation,0.8458,0.449,0.7929,0.5408,0.0571,-0.0139,-0.0139,1.1,True,512,512,42000160,True
smp_000035,ses_csf_like_00020,csf_like,train,0.8761,0.3164,0.9039,0.4035,0.0659,0.014,-0.014,2.36,True,512,512,42000161,True
smp_000036,ses_csf_like_00020,csf_like,train,0.6892,0.3553,0.8199,0.4916,0.0552,0.0187,0.0187,1.49,True,512,512,42000162,True
smp_000037,ses_csf_like_00021,csf_like,validation,0.7146,0.3362,0.7367,0.3761,0.0726,0.0281,0.0281,-4.29,True,512,512,42000163,True
smp_000038,ses_csf_like_00021,csf_like,validation,0.5507,0.4013,0.9294,0.3564,0.0749,-0.0342,-0.0342,5.22,True,512,512,42000164,True
smp_000039,ses_csf_like_00021,csf_like,validation,0.6977,0.4272,0.9292,0.4951,0.0422,-0.0159,-0.0159,-5.5,True,512,512,42000165,True
smp_000040,ses_csf_like_00022,csf_like,train,0.7943,0.4289,0.6962,0.4243,0.0648,-0.0168,0.0168,5.76,True,512,512,42000166,True
smp_000041,ses_csf_like_00022,csf_like,train,0.8696,0.3205,0.7119,0.4931,0.068,-0.0064,0.0064,-2.04,True,512,512,42000167,True
smp_000042,ses_csf_like_00022,csf_like,train,0.7187,0.4411,0.7586,0.5071,0.0664,-0.0044,-0.0044,7.66,True,512,512,42000168,True
smp_000043,ses_csf_like_00023,csf_like,train,0.89,0.3273,0.8743,0.4209,0.0469,0.0133,-0.0133,4.69,True,512,512,42000169,True
smp_000044,ses_csf_like_00023,csf_like,train,0.8613,0.3071,0.88,0.3501,0.0328,-0.0238,-0.0238,2.5,True,512,512,42000170,True
smp_000045,ses_csf_like_00023,csf_like,train,0.817,0.3484,0.6835,0.3571,0.0766,-0.0168,-0.0168,0.12,True,512,512,42000171,True
smp_000046,ses_csf_like_00024,csf_like,train,0.6875,0.4239,0.8877,0.3568,0.0744,-0.0378,0.0378,-0.88,True,512,512,42000172,True
smp_000047,ses_csf_like_00025,csf_like,test,0.7858,0.3046,0.8161,0.5407,0.0638,-0.0193,-0.0193,-4.17,True,512,512,42000173,True
smp_000048,ses_csf_like_00025,csf_like,test,0.9471,0.3066,0.8129,0.415,0.0415,-0.0337,-0.0337,-3.83,True,512,512,42000174,True
smp_000049,ses_csf_like_00025,csf_like,test,0.8927,0.4104,0.7871,0.3794,0.0584,-0.0254,0.0254,-3.77,True,512,512,42000175,True
smp_000050,ses_csf_like_00026,csf_like,train,0.8581,0.3099,0.7188,0.5003,0.0718,-0.0001,0.0001,-3.23,True,512,512,42000176,True
smp_000051,ses_csf_like_00026,csf_like,train,0.9276,0.3241,0.949,0.4304,0.0758,0.0163,-0.0163,4.63,True,512,512,42000177,True
smp_000052,ses_csf_like_00026,csf_like,train,0.9462,0.3787,0.8945,0.4952,0.0725,0.0021,-0.0021,-0.06,True,512,512,42000178,True
smp_000053,ses_csf_like_00027,csf_like,train,0.7783,0.4477,0.887,0.4809,0.0448,-0.0293,0.0293,-5.8,True,512,512,42000179,True
smp_000054,ses_csf_like_00028,csf_like,train,0.5636,0.4223,0.9055,0.4538,0.03,0.0008,0.0008,4.59,True,512,512,42000180,True
smp_000055,ses_csf_like_00028,csf_like,train,0.566,0.4492,0.9238,0.4825,0.0793,-0.0395,0.0395,2.54,True,512,512,42000181,True
smp_000056,ses_csf_like_00028,csf_like,train,0.9149,0.3688,0.927,0.5061,0.0716,-0.0033,0.0033,4.94,True,512,512,42000182,True
smp_000057,ses_csf_like_00029,csf_like,validation,0.6064,0.3581,0.8829,0.4934,0.0698,-0.0289,-0.0289,4.71,True,512,512,42000183,True
smp_000058,ses_csf_like_00029,csf_like,validation,0.7333,0.4454,0.8081,0.463,0.0651,0.0265,0.0265,-5.98,True,512,512,42000184,True
smp_000059,ses_csf_like_00029,csf_like,validation,0.8517,0.4265,0.75,0.5407,0.0386,0.0214,-0.0214,6.94,True,512,512,42000185,True
smp_000060,ses_csf_like_00030,csf_like,train,0.8118,0.3393,0.8605,0.3901,0.0495,-0.0309,-0.0309,1.38,True,512,512,42000186,True
smp_000061,ses_csf_like_00031,csf_like,validation,0.7182,0.4297,0.8069,0.3648,0.0436,0.0073,-0.0073,3.42,True,512,512,42000187,True
smp_000062,ses_csf_like_00032,csf_like,validation,0.8181,0.3052,0.6768,0.4259,0.0529,-0.0365,-0.0365,5.96,True,512,512,42000188,True
smp_000063,ses_csf_like_00032,csf_like,validation,0.9191,0.4051,0.7824,0.4119,0.0735,-0.0217,0.0217,6.53,True,512,512,42000189,True
smp_000064,ses_csf_like_00033,csf_like,train,0.8868,0.435,0.8368,0.4998,0.0405,-0.0166,0.0166,-1.65,True,512,512,42000190,True
smp_000065,ses_csf_like_00033,csf_like,train,0.9065,0.3883,0.7463,0.3842,0.0318,0.0173,0.0173,-2.68,True,512,512,42000191,True
smp_000066,ses_csf_like_00034,csf_like,test,0.6137,0.3113,0.7438,0.516,0.0385,-0.0159,0.0159,0.91,True,512,512,42000192,True
smp_000067,ses_csf_like_00034,csf_like,test,0.6168,0.4233,0.8302,0.4747,0.0494,0.0129,0.0129,4.97,True,512,512,42000193,True
smp_000068,ses_csf_like_00035,csf_like,train,0.5632,0.3131,0.943,0.3544,0.032,-0.0243,-0.0243,-3.05,True,512,512,42000194,True
smp_000069,ses_csf_like_00035,csf_like,train,0.6601,0.4247,0.7288,0.4594,0.0692,0.0125,-0.0125,6.54,True,512,512,42000195,True
smp_000070,ses_csf_like_00035,csf_like,train,0.9364,0.3049,0.8262,0.4559,0.0635,0.0063,-0.0063,6.72,True,512,512,42000196,True
smp_000071,ses_csf_like_00036,csf_like,train,0.7556,0.3105,0.7049,0.476,0.0689,-0.0345,0.0345,-0.87,True,512,512,42000197,True
smp_000072,ses_csf_like_00036,csf_like,train,0.8803,0.4374,0.7918,0.3966,0.062,-0.0007,-0.0007,-5.48,True,512,512,42000198,True
smp_000073,ses_csf_like_00036,csf_like,train,0.6547,0.3099,0.8582,0.504,0.0301,0.0099,-0.0099,7.46,True,512,512,42000199,True
smp_000074,ses_csf_like_00037,csf_like,validation,0.9009,0.3919,0.9235,0.5076,0.0473,-0.0004,-0.0004,3.28,True,512,512,42000200,True
smp_000075,ses_csf_like_00037,csf_like,validation,0.908,0.3786,0.8746,0.442,0.0422,-0.0044,0.0044,-2.75,True,512,512,42000201,True
smp_000076,ses_csf_like_00037,csf_like,validation,0.591,0.3512,0.8868,0.3974,0.0461,-0.0259,-0.0259,-3.73,True,512,512,42000202,True
smp_000077,ses_csf_like_00038,csf_like,train,0.6107,0.3485,0.7034,0.3947,0.0342,0.0261,0.0261,1.61,True,512,512,42000203,True
smp_000078,ses_csf_like_00039,csf_like,test,0.939,0.3146,0.8584,0.5149,0.0471,-0.036,0.036,-1.06,True,512,512,42000204,True
smp_000079,ses_csf_like_00039,csf_like,test,0.7101,0.4123,0.7268,0.5279,0.0709,-0.0197,0.0197,-5.1,True,512,512,42000205,True
smp_000080,ses_csf_like_00039,csf_like,test,0.6292,0.4207,0.8675,0.4426,0.0675,0.0346,0.0346,4.51,True,512,512,42000206,True
smp_000081,ses_csf_like_00040,csf_like,train,0.6805,0.4494,0.848,0.3629,0.0767,0.0063,0.0063,-0.08,True,512,512,42000207,True
smp_000082,ses_csf_like_00040,csf_like,train,0.8418,0.3853,0.7946,0.3924,0.0774,0.0235,0.0235,-2.71,True,512,512,42000208,True
smp_000083,ses_saline_like_00041,saline_like,validation,0.8106,0.4194,0.6155,0.4773,0.0494,0.0099,0.0099,0.36,True,512,512,42000209,True
smp_000084,ses_saline_like_00041,saline_like,validation,0.9236,0.3842,0.6032,0.5001,0.0439,0.0247,0.0247,5.46,True,512,512,42000210,True
smp_000085,ses_saline_like_00042,saline_like,validation,0.6095,0.3491,0.824,0.4121,0.0723,0.0356,0.0356,-5.67,True,512,512,42000211,True
smp_000086,ses_saline_like_00042,saline_like,validation,0.9061,0.3791,0.7815,0.4508,0.0703,-0.0224,0.0224,-1.9,True,512,512,42000212,True
smp_000087,ses_saline_like_00042,saline_like,validation,0.6794,0.4637,0.8625,0.3935,0.0603,0.008,0.008,4.95,True,512,512,42000213,True
smp_000088,ses_saline_like_00043,saline_like,train,0.8783,0.4363,0.9059,0.4438,0.0714,-0.0134,-0.0134,-2.38,True,512,512,42000214,True
smp_000089,ses_saline_like_00043,saline_like,train,0.7293,0.3454,0.9001,0.5107,0.0413,0.0053,0.0053,2.22,True,512,512,42000215,True
smp_000090,ses_saline_like_00044,saline_like,train,0.7366,0.3395,0.8821,0.5442,0.0424,-0.0242,0.0242,-0.83,True,512,512,42000216,True
smp_000091,ses_saline_like_00045,saline_like,train,0.8369,0.4461,0.8667,0.4145,0.0503,-0.03,0.03,1.68,True,512,512,42000217,True
smp_000092,ses_saline_like_00045,saline_like,train,0.8654,0.4584,0.9207,0.4588,0.0319,-0.0283,-0.0283,2.73,True,512,512,42000218,True
smp_000093,ses_saline_like_00046,saline_like,train,0.6955,0.3168,0.6498,0.5406,0.0473,0.0199,0.0199,1.49,True,512,512,42000219,True
smp_000094,ses_saline_like_00046,saline_like,train,0.8464,0.4397,0.9178,0.4245,0.0772,-0.0076,0.0076,-1.94,True,512,512,42000220,True
smp_000095,ses_saline_like_00047,saline_like,train,0.7602,0.3854,0.6209,0.5452,0.0397,0.0305,-0.0305,3.74,True,512,512,42000221,True
smp_000096,ses_saline_like_00048,saline_like,test,0.6752,0.3466,0.9133,0.4115,0.0773,0.0205,-0.0205,5.95,True,512,512,42000222,True
smp_000097,ses_saline_like_00048,saline_like,test,0.7174,0.2817,0.6905,0.387,0.036,0.0178,-0.0178,-7.33,True,512,512,42000223,True
smp_000098,ses_saline_like_00049,saline_like,test,0.7083,0.3652,0.9163,0.3557,0.0694,0.0179,-0.0179,-3.25,True,512,512,42000224,True
smp_000099,ses_saline_like_00050,saline_like,train,0.7024,0.4426,0.7596,0.3625,0.0798,-0.012,-0.012,4.4,True,512,512,42000225,True
smp_000100,ses_saline_like_00050,saline_like,train,0.8329,0.4709,0.808,0.4224,0.0661,0.0138,0.0138,-3.68,True,512,512,42000226,True
smp_000101,ses_saline_like_00050,saline_like,train,0.833,0.3521,0.7698,0.5003,0.0568,-0.0086,-0.0086,4.56,True,512,512,42000227,True
smp_000102,ses_saline_like_00051,saline_like,train,0.5918,0.4037,0.7315,0.5314,0.052,0.0272,-0.0272,0.12,True,512,512,42000228,True
smp_000103,ses_saline_like_00051,saline_like,train,0.7334,0.3126,0.7662,0.4785,0.0629,0.0377,-0.0377,-4.39,True,512,512,42000229,True
smp_000104,ses_saline_like_00051,saline_like,train,0.8756,0.4097,0.6979,0.3976,0.0797,-0.0341,0.0341,-1.92,True,512,512,42000230,True
smp_000105,ses_saline_like_00052,saline_like,train,0.8884,0.3096,0.6539,0.4285,0.0651,0.0287,0.0287,-2.3,True,512,512,42000231,True
smp_000106,ses_saline_like_00052,saline_like,train,0.7789,0.3792,0.7311,0.3793,0.0416,-0.004,-0.004,4.97,True,512,512,42000232,True
smp_000107,ses_saline_like_00053,saline_like,test,0.7397,0.3069,0.788,0.4918,0.0577,-0.0205,-0.0205,-5.13,True,512,512,42000233,True
smp_000108,ses_saline_like_00053,saline_like,test,0.5724,0.4292,0.6364,0.3523,0.0323,-0.0151,-0.0151,-4.75,True,512,512,42000234,True
smp_000109,ses_saline_like_00053,saline_like,test,0.9339,0.3013,0.886,0.4314,0.0652,0.0159,0.0159,5.8,True,512,512,42000235,True
smp_000110,ses_saline_like_00054,saline_like,train,0.8556,0.332,0.8161,0.3868,0.0662,0.0375,-0.0375,3.76,True,512,512,42000236,True
smp_000111,ses_saline_like_00055,saline_like,train,0.7336,0.4511,0.7068,0.5301,0.0501,0.0195,0.0195,2.3,True,512,512,42000237,True
smp_000112,ses_saline_like_00055,saline_like,train,0.9393,0.4699,0.7425,0.4468,0.0587,-0.0177,-0.0177,-6.37,True,512,512,42000238,True
smp_000113,ses_saline_like_00055,saline_like,train,0.8305,0.4093,0.9198,0.5151,0.0371,0.028,-0.028,-0.27,True,512,512,42000239,True
smp_000114,ses_saline_like_00056,saline_like,train,0.5611,0.3388,0.7457,0.5335,0.0313,-0.0112,-0.0112,2.58,True,512,512,42000240,True
smp_000115,ses_saline_like_00057,saline_like,train,0.5518,0.4765,0.8501,0.3613,0.0446,-0.0296,0.0296,4.29,True,512,512,42000241,True
smp_000116,ses_saline_like_00057,saline_like,train,0.9057,0.3794,0.827,0.3755,0.0423,0.0303,-0.0303,3.82,True,512,512,42000242,True
smp_000117,ses_saline_like_00057,saline_like,train,0.8897,0.3282,0.6514,0.4692,0.0403,-0.0256,0.0256,-6.39,True,512,512,42000243,True
smp_000118,ses_saline_like_00058,saline_like,train,0.8005,0.3157,0.6342,0.5112,0.0425,-0.0012,0.0012,1.01,True,512,512,42000244,True
smp_000119,ses_saline_like_00058,saline_like,train,0.8914,0.3295,0.6215,0.4662,0.0356,0.0242,-0.0242,5.34,True,512,512,42000245,True
smp_000120,ses_saline_like_00059,saline_like,train,0.7027,0.39,0.9379,0.4032,0.0776,-0.0067,-0.0067,4.65,True,512,512,42000246,True
smp_000121,ses_saline_like_00059,saline_like,train,0.5835,0.4097,0.6301,0.3927,0.0583,-0.0191,0.0191,-3.5,True,512,512,42000247,True
smp_000122,ses_saline_like_00059,saline_like,train,0.7678,0.4264,0.7042,0.3589,0.0664,0.0379,-0.0379,2.8,True,512,512,42000248,True
smp_000123,ses_saline_like_00060,saline_like,test,0.6769,0.3423,0.6454,0.5259,0.0407,0.0222,-0.0222,0.28,True,512,512,42000249,True
smp_000124,ses_saline_like_00060,saline_like,test,0.818,0.4312,0.6485,0.4715,0.0467,0.0341,0.0341,-4.61,True,512,512,42000250,True
smp_000125,ses_saline_like_00060,saline_like,test,0.6696,0.4444,0.603,0.4057,0.058,-0.0026,0.0026,1.99,True,512,512,42000251,True
smp_000126,ses_saline_like_00061,saline_like,train,0.6954,0.4151,0.7488,0.4838,0.038,-0.0038,0.0038,-7.33,True,512,512,42000252,True
smp_000127,ses_saline_like_00061,saline_like,train,0.8226,0.386,0.9253,0.5189,0.0694,0.0267,0.0267,-5.64,True,512,512,42000253,True
smp_000128,ses_saline_like_00061,saline_like,train,0.8848,0.281,0.6539,0.4773,0.0498,0.0398,0.0398,-6.68,True,512,512,42000254,True
smp_000129,ses_saline_like_00062,saline_like,train,0.9436,0.4389,0.7127,0.5446,0.0665,-0.0172,0.0172,2.24,True,512,512,42000255,True
smp_000130,ses_saline_like_00063,saline_like,test,0.8304,0.4662,0.6892,0.542,0.0509,0.0348,0.0348,5.07,True,512,512,42000256,True
smp_000131,ses_saline_like_00064,saline_like,train,0.6803,0.2925,0.7869,0.4351,0.0457,0.0255,0.0255,-2.76,True,512,512,42000257,True
smp_000132,ses_saline_like_00064,saline_like,train,0.7666,0.4642,0.8451,0.3764,0.0726,-0.0213,-0.0213,-2.9,True,512,512,42000258,True
smp_000133,ses_saline_like_00065,saline_like,train,0.9027,0.2928,0.8108,0.4715,0.0474,0.0082,-0.0082,5.8,True,512,512,42000259,True
smp_000134,ses_saline_like_00066,saline_like,train,0.8953,0.3907,0.9176,0.4677,0.0365,0.0057,0.0057,2.14,True,512,512,42000260,True
smp_000135,ses_saline_like_00066,saline_like,train,0.8954,0.3454,0.7104,0.5171,0.0586,-0.0064,0.0064,1.44,True,512,512,42000261,True
smp_000136,ses_saline_like_00066,saline_like,train,0.6791,0.3291,0.6713,0.4221,0.062,0.0211,-0.0211,1.63,True,512,512,42000262,True
smp_000137,ses_saline_like_00067,saline_like,train,0.7691,0.4701,0.6298,0.3531,0.058,0.0216,0.0216,-6.03,True,512,512,42000263,True
smp_000138,ses_saline_like_00067,saline_like,train,0.5662,0.33,0.9045,0.4762,0.0343,-0.024,-0.024,2.68,True,512,512,42000264,True
smp_000139,ses_saline_like_00067,saline_like,train,0.7575,0.2961,0.8453,0.4883,0.0579,-0.0217,0.0217,4.1,True,512,512,42000265,True
smp_000140,ses_saline_like_00068,saline_like,train,0.8074,0.4109,0.6393,0.3881,0.0408,0.0133,-0.0133,3.26,True,512,512,42000266,True
smp_000141,ses_saline_like_00069,saline_like,validation,0.6828,0.3604,0.8948,0.4198,0.0745,-0.0271,-0.0271,-2.1,True,512,512,42000267,True
smp_000142,ses_saline_like_00069,saline_like,validation,0.6277,0.4754,0.8288,0.482,0.0415,-0.0319,-0.0319,4.79,True,512,512,42000268,True
smp_000143,ses_saline_like_00069,saline_like,validation,0.7507,0.3761,0.7082,0.4494,0.0678,-0.022,-0.022,-4.02,True,512,512,42000269,True
smp_000144,ses_saline_like_00070,saline_like,train,0.8321,0.3314,0.6409,0.533,0.032,-0.0389,0.0389,-0.94,True,512,512,42000270,True
smp_000145,ses_saline_like_00070,saline_like,train,0.7642,0.4195,0.6048,0.3874,0.0363,-0.0079,-0.0079,-5.99,True,512,512,42000271,True
smp_000146,ses_saline_like_00071,saline_like,train,0.8123,0.2856,0.8139,0.3819,0.0387,0.0238,0.0238,-4.17,True,512,512,42000272,True
smp_000147,ses_saline_like_00071,saline_like,train,0.5678,0.3619,0.8871,0.3838,0.0393,-0.0214,-0.0214,3.19,True,512,512,42000273,True
smp_000148,ses_saline_like_00072,saline_like,train,0.7347,0.4162,0.7937,0.4634,0.0464,-0.0083,0.0083,-7.7,True,512,512,42000274,True
smp_000149,ses_saline_like_00073,saline_like,test,0.5501,0.3348,0.603,0.3567,0.0482,-0.0216,-0.0216,-1.76,True,512,512,42000275,True
smp_000150,ses_saline_like_00074,saline_like,train,0.5752,0.3499,0.6715,0.5296,0.0755,-0.0295,0.0295,-2.65,True,512,512,42000276,True
smp_000151,ses_saline_like_00074,saline_like,train,0.8296,0.2923,0.8975,0.5154,0.0479,-0.0295,0.0295,-1.78,True,512,512,42000277,True
smp_000152,ses_saline_like_00075,saline_like,test,0.8367,0.3451,0.8507,0.4642,0.0501,0.0026,-0.0026,-4.88,True,512,512,42000278,True
smp_000153,ses_saline_like_00075,saline_like,test,0.6702,0.3908,0.831,0.4968,0.0343,0.0127,-0.0127,-2.24,True,512,512,42000279,True
smp_000154,ses_saline_like_00076,saline_like,test,0.9109,0.4365,0.7656,0.4443,0.0392,0.034,-0.034,-4.7,True,512,512,42000280,True
smp_000155,ses_saline_like_00077,saline_like,train,0.8296,0.4459,0.9131,0.3753,0.0397,0.0353,0.0353,-0.87,True,512,512,42000281,True
smp_000156,ses_saline_like_00078,saline_like,validation,0.9336,0.3944,0.8828,0.4946,0.0498,0.002,0.002,3.54,True,512,512,42000282,True
smp_000157,ses_saline_like_00079,saline_like,train,0.8346,0.3677,0.8134,0.5283,0.0651,-0.0339,-0.0339,5.16,True,512,512,42000283,True
smp_000158,ses_saline_like_00079,saline_like,train,0.7856,0.3174,0.7017,0.3538,0.0632,0.0073,-0.0073,-7.39,True,512,512,42000284,True
smp_000159,ses_saline_like_00079,saline_like,train,0.6848,0.3567,0.7991,0.4089,0.073,-0.0017,0.0017,-7.23,True,512,512,42000285,True
smp_000160,ses_saline_like_00080,saline_like,train,0.9155,0.4617,0.6144,0.4323,0.057,0.0048,-0.0048,-6.03,True,512,512,42000286,True
smp_000161,ses_saliva_like_00081,saliva_like,train,0.8253,0.1614,0.456,0.1521,0.1385,0.0665,-0.0665,16.64,True,512,512,42000287,True
smp_000162,ses_saliva_like_00081,saliva_like,train,0.5207,0.2638,0.5406,0.1566,0.2151,-0.0692,-0.0692,7.65,True,512,512,42000288,True
smp_000163,ses_saliva_like_00082,saliva_like,train,0.7674,0.2687,0.5207,0.1598,0.1847,-0.03,0.03,19.36,True,512,512,42000289,True
smp_000164,ses_saliva_like_00083,saliva_like,train,0.7359,0.179,0.3787,0.1351,0.1579,-0.0261,0.0261,19.52,True,512,512,42000290,True
smp_000165,ses_saliva_like_00084,saliva_like,validation,0.5668,0.2083,0.5886,0.1307,0.1375,0.0376,0.0376,7.59,True,512,512,42000291,True
smp_000166,ses_saliva_like_00085,saliva_like,validation,0.5307,0.2252,0.3753,0.2114,0.1229,0.0487,-0.0487,18.65,True,512,512,42000292,True
smp_000167,ses_saliva_like_00085,saliva_like,validation,0.6033,0.1617,0.5096,0.2011,0.1128,-0.0289,0.0289,12.11,True,512,512,42000293,True
smp_000168,ses_saliva_like_00085,saliva_like,validation,0.6385,0.2512,0.5284,0.1563,0.1864,-0.0641,0.0641,17.26,True,512,512,42000294,True
smp_000169,ses_saliva_like_00086,saliva_like,train,0.8471,0.1715,0.4104,0.1796,0.1014,0.0512,-0.0512,18.12,True,512,512,42000295,True
smp_000170,ses_saliva_like_00086,saliva_like,train,0.696,0.1507,0.5618,0.1286,0.1556,0.0422,0.0422,12.79,True,512,512,42000296,True
smp_000171,ses_saliva_like_00087,saliva_like,train,0.7302,0.2896,0.3956,0.1861,0.1226,-0.0713,0.0713,10.57,True,512,512,42000297,True
smp_000172,ses_saliva_like_00087,saliva_like,train,0.5152,0.2312,0.5266,0.105,0.1892,0.0779,-0.0779,15.33,True,512,512,42000298,True
smp_000173,ses_saliva_like_00088,saliva_like,train,0.8037,0.1961,0.4919,0.2056,0.1472,0.0369,-0.0369,9.08,True,512,512,42000299,True
smp_000174,ses_saliva_like_00088,saliva_like,train,0.7179,0.18,0.4252,0.1428,0.1919,-0.0534,0.0534,16.27,True,512,512,42000300,True
smp_000175,ses_saliva_like_00089,saliva_like,train,0.7168,0.2162,0.5751,0.2005,0.1576,0.0384,-0.0384,5.87,True,512,512,42000301,True
smp_000176,ses_saliva_like_00089,saliva_like,train,0.8652,0.2707,0.4627,0.1152,0.1199,0.0755,-0.0755,14.15,True,512,512,42000302,True
smp_000177,ses_saliva_like_00090,saliva_like,test,0.7279,0.2803,0.4129,0.1288,0.1155,-0.0778,0.0778,15.46,True,512,512,42000303,True
smp_000178,ses_saliva_like_00090,saliva_like,test,0.7142,0.2699,0.5954,0.1502,0.1655,-0.0441,0.0441,6.6,True,512,512,42000304,True
smp_000179,ses_saliva_like_00091,saliva_like,train,0.8161,0.1791,0.5349,0.1178,0.1333,0.0296,0.0296,14.87,True,512,512,42000305,True
smp_000180,ses_saliva_like_00091,saliva_like,train,0.8987,0.1863,0.3585,0.1602,0.1977,-0.0707,-0.0707,15.68,True,512,512,42000306,True
smp_000181,ses_saliva_like_00091,saliva_like,train,0.855,0.2721,0.4002,0.1447,0.1255,0.0322,-0.0322,13.61,True,512,512,42000307,True
smp_000182,ses_saliva_like_00092,saliva_like,train,0.6591,0.179,0.539,0.1277,0.2074,0.0308,-0.0308,18.76,True,512,512,42000308,True
smp_000183,ses_saliva_like_00093,saliva_like,train,0.5245,0.2089,0.5462,0.2139,0.1458,-0.0686,-0.0686,18.61,True,512,512,42000309,True
smp_000184,ses_saliva_like_00093,saliva_like,train,0.8966,0.2046,0.5369,0.2061,0.1111,-0.0444,-0.0444,8.67,True,512,512,42000310,True
smp_000185,ses_saliva_like_00093,saliva_like,train,0.5184,0.2665,0.5935,0.1828,0.155,-0.0723,0.0723,9.65,True,512,512,42000311,True
smp_000186,ses_saliva_like_00094,saliva_like,validation,0.5645,0.2012,0.5326,0.165,0.2038,-0.0721,0.0721,7.47,True,512,512,42000312,True
smp_000187,ses_saliva_like_00094,saliva_like,validation,0.5346,0.1666,0.3649,0.2101,0.1083,0.064,0.064,10.91,True,512,512,42000313,True
smp_000188,ses_saliva_like_00094,saliva_like,validation,0.8567,0.2566,0.5399,0.1673,0.1419,-0.0324,-0.0324,7.09,True,512,512,42000314,True
smp_000189,ses_saliva_like_00095,saliva_like,train,0.8164,0.2671,0.5134,0.1413,0.1648,0.0722,-0.0722,6.51,True,512,512,42000315,True
smp_000190,ses_saliva_like_00095,saliva_like,train,0.7825,0.272,0.5931,0.1882,0.2184,0.0228,0.0228,11.93,True,512,512,42000316,True
smp_000191,ses_saliva_like_00095,saliva_like,train,0.7872,0.2354,0.5176,0.1426,0.1729,-0.0732,-0.0732,16.51,True,512,512,42000317,True
smp_000192,ses_saliva_like_00096,saliva_like,train,0.8813,0.2992,0.5339,0.128,0.1347,0.0738,0.0738,15.11,True,512,512,42000318,True
smp_000193,ses_saliva_like_00097,saliva_like,test,0.6822,0.1629,0.4351,0.2181,0.2099,-0.0595,-0.0595,12.19,True,512,512,42000319,True
smp_000194,ses_saliva_like_00098,saliva_like,train,0.6508,0.1939,0.4858,0.199,0.1665,-0.0298,-0.0298,13.84,True,512,512,42000320,True
smp_000195,ses_saliva_like_00098,saliva_like,train,0.5261,0.2349,0.5444,0.1793,0.1343,-0.0755,0.0755,9.81,True,512,512,42000321,True
smp_000196,ses_saliva_like_00099,saliva_like,train,0.5342,0.1742,0.3697,0.166,0.1308,0.021,-0.021,19.65,True,512,512,42000322,True
smp_000197,ses_saliva_like_00099,saliva_like,train,0.8812,0.288,0.5228,0.1826,0.1298,-0.0523,-0.0523,19.88,True,512,512,42000323,True
smp_000198,ses_saliva_like_00099,saliva_like,train,0.8393,0.2389,0.3986,0.2188,0.19,-0.0549,-0.0549,9.29,True,512,512,42000324,True
smp_000199,ses_saliva_like_00100,saliva_like,train,0.5914,0.2008,0.446,0.1696,0.2124,0.0256,-0.0256,5.13,True,512,512,42000325,True
smp_000200,ses_saliva_like_00100,saliva_like,train,0.6052,0.2514,0.4169,0.1561,0.1307,-0.0602,-0.0602,18.5,True,512,512,42000326,True
smp_000201,ses_saliva_like_00101,saliva_like,train,0.7888,0.2455,0.5121,0.1809,0.2076,-0.0216,0.0216,5.43,True,512,512,42000327,True
smp_000202,ses_saliva_like_00102,saliva_like,train,0.7847,0.1707,0.4271,0.1617,0.1365,0.0571,0.0571,16.57,True,512,512,42000328,True
smp_000203,ses_saliva_like_00103,saliva_like,train,0.7178,0.2567,0.4154,0.1328,0.2046,-0.0304,-0.0304,19.75,True,512,512,42000329,True
smp_000204,ses_saliva_like_00104,saliva_like,train,0.6548,0.2606,0.4636,0.1816,0.1715,-0.0688,-0.0688,15.2,True,512,512,42000330,True
smp_000205,ses_saliva_like_00105,saliva_like,train,0.6085,0.2102,0.4042,0.1799,0.1741,0.0332,0.0332,7.29,True,512,512,42000331,True
smp_000206,ses_saliva_like_00105,saliva_like,train,0.5451,0.2552,0.3835,0.1862,0.113,-0.0238,0.0238,6.47,True,512,512,42000332,True
smp_000207,ses_saliva_like_00105,saliva_like,train,0.738,0.2784,0.4609,0.1842,0.1322,-0.0257,-0.0257,6.8,True,512,512,42000333,True
smp_000208,ses_saliva_like_00106,saliva_like,train,0.5268,0.2988,0.5769,0.1934,0.1348,-0.073,-0.073,13.89,True,512,512,42000334,True
smp_000209,ses_saliva_like_00106,saliva_like,train,0.5506,0.1565,0.5096,0.1562,0.1905,-0.0353,-0.0353,10.64,True,512,512,42000335,True
smp_000210,ses_saliva_like_00107,saliva_like,train,0.7817,0.2007,0.5732,0.1037,0.188,0.0703,-0.0703,16.52,True,512,512,42000336,True
smp_000211,ses_saliva_like_00108,saliva_like,train,0.8827,0.2266,0.467,0.2188,0.1151,0.0364,-0.0364,9.16,True,512,512,42000337,True
smp_000212,ses_saliva_like_00108,saliva_like,train,0.7963,0.1829,0.5061,0.1831,0.1674,-0.0589,0.0589,6.46,True,512,512,42000338,True
smp_000213,ses_saliva_like_00109,saliva_like,train,0.8098,0.2758,0.4893,0.2186,0.1312,-0.0523,0.0523,15.78,True,512,512,42000339,True
smp_000214,ses_saliva_like_00110,saliva_like,test,0.8499,0.1525,0.5338,0.1667,0.1175,0.0279,-0.0279,6.48,True,512,512,42000340,True
smp_000215,ses_saliva_like_00110,saliva_like,test,0.719,0.2092,0.397,0.1622,0.1808,-0.0259,-0.0259,12.28,True,512,512,42000341,True
smp_000216,ses_saliva_like_00111,saliva_like,test,0.5022,0.1565,0.4931,0.1831,0.1382,-0.0789,0.0789,12.56,True,512,512,42000342,True
smp_000217,ses_saliva_like_00111,saliva_like,test,0.8957,0.1704,0.4096,0.1311,0.1442,0.0377,-0.0377,18.94,True,512,512,42000343,True
smp_000218,ses_saliva_like_00112,saliva_like,train,0.822,0.2568,0.4558,0.1025,0.1977,-0.065,0.065,9.66,True,512,512,42000344,True
smp_000219,ses_saliva_like_00113,saliva_like,train,0.758,0.2103,0.3906,0.1012,0.1551,0.0655,0.0655,12.83,True,512,512,42000345,True
smp_000220,ses_saliva_like_00114,saliva_like,train,0.7309,0.2095,0.3549,0.1869,0.1806,-0.03,-0.03,17.36,True,512,512,42000346,True
smp_000221,ses_saliva_like_00114,saliva_like,train,0.6381,0.207,0.5307,0.1585,0.1336,0.0605,0.0605,18.91,True,512,512,42000347,True
smp_000222,ses_saliva_like_00115,saliva_like,train,0.5505,0.2561,0.4234,0.1639,0.1695,-0.0251,0.0251,8.16,True,512,512,42000348,True
smp_000223,ses_saliva_like_00115,saliva_like,train,0.559,0.2868,0.5382,0.1009,0.1266,-0.0768,0.0768,17.52,True,512,512,42000349,True
smp_000224,ses_saliva_like_00115,saliva_like,train,0.8816,0.2616,0.3876,0.2082,0.1258,-0.0659,0.0659,17.02,True,512,512,42000350,True
smp_000225,ses_saliva_like_00116,saliva_like,train,0.5453,0.2422,0.4764,0.2133,0.1435,0.0621,-0.0621,15.4,True,512,512,42000351,True
smp_000226,ses_saliva_like_00117,saliva_like,test,0.6542,0.1865,0.4585,0.1467,0.1252,0.0576,-0.0576,16.65,True,512,512,42000352,True
smp_000227,ses_saliva_like_00118,saliva_like,train,0.5868,0.2051,0.4143,0.1065,0.147,-0.0759,-0.0759,19.29,True,512,512,42000353,True
smp_000228,ses_saliva_like_00118,saliva_like,train,0.7087,0.2044,0.439,0.1522,0.1095,0.0421,0.0421,19.14,True,512,512,42000354,True
smp_000229,ses_saliva_like_00118,saliva_like,train,0.6617,0.244,0.4545,0.1114,0.1052,0.0675,0.0675,18.7,True,512,512,42000355,True
smp_000230,ses_saliva_like_00119,saliva_like,train,0.6126,0.2562,0.4365,0.1744,0.2068,-0.0725,-0.0725,8.4,True,512,512,42000356,True
smp_000231,ses_saliva_like_00119,saliva_like,train,0.7846,0.1683,0.4336,0.1606,0.1379,-0.0799,0.0799,19.58,True,512,512,42000357,True
smp_000232,ses_saliva_like_00119,saliva_like,train,0.8705,0.1605,0.4221,0.1867,0.1544,0.0496,-0.0496,16.23,True,512,512,42000358,True
smp_000233,ses_saliva_like_00120,saliva_like,validation,0.5232,0.2554,0.4255,0.1531,0.2029,0.0698,0.0698,9.22,True,512,512,42000359,True
smp_000234,ses_tear_like_00121,tear_like,test,0.8998,0.4472,0.8079,0.4024,0.0334,0.0035,0.0035,2.96,True,512,512,42000360,True
smp_000235,ses_tear_like_00121,tear_like,test,0.7286,0.4167,0.7487,0.4847,0.0749,-0.0442,-0.0442,-4.51,True,512,512,42000361,True
smp_000236,ses_tear_like_00122,tear_like,test,0.894,0.409,0.7123,0.3981,0.0712,0.0074,0.0074,1.32,True,512,512,42000362,True
smp_000237,ses_tear_like_00122,tear_like,test,0.6772,0.4334,0.8642,0.3321,0.0434,-0.0464,-0.0464,-2.15,True,512,512,42000363,True
smp_000238,ses_tear_like_00122,tear_like,test,0.8205,0.3066,0.6662,0.4552,0.0793,0.0062,-0.0062,-5.6,True,512,512,42000364,True
smp_000239,ses_tear_like_00123,tear_like,validation,0.5993,0.3997,0.671,0.4282,0.0762,0.0187,0.0187,-1.51,True,512,512,42000365,True
smp_000240,ses_tear_like_00123,tear_like,validation,0.7032,0.379,0.6565,0.4683,0.0713,-0.0105,-0.0105,-1.07,True,512,512,42000366,True
smp_000241,ses_tear_like_00123,tear_like,validation,0.6691,0.4294,0.7805,0.3586,0.043,0.0453,0.0453,-5.16,True,512,512,42000367,True
smp_000242,ses_tear_like_00124,tear_like,train,0.6146,0.3353,0.8038,0.495,0.0424,-0.0272,0.0272,3.18,True,512,512,42000368,True
smp_000243,ses_tear_like_00124,tear_like,train,0.7771,0.3989,0.8557,0.5197,0.0595,-0.0135,-0.0135,-8.89,True,512,512,42000369,True
smp_000244,ses_tear_like_00124,tear_like,train,0.8856,0.4147,0.8981,0.4334,0.0791,0.0484,-0.0484,-8.74,True,512,512,42000370,True
smp_000245,ses_tear_like_00125,tear_like,train,0.558,0.3205,0.7376,0.4534,0.0679,-0.0081,-0.0081,3.57,True,512,512,42000371,True
smp_000246,ses_tear_like_00125,tear_like,train,0.7726,0.3199,0.8204,0.4094,0.0749,0.046,0.046,1.67,True,512,512,42000372,True
smp_000247,ses_tear_like_00125,tear_like,train,0.7888,0.3889,0.7103,0.4755,0.0548,0.0193,-0.0193,-5.38,True,512,512,42000373,True
smp_000248,ses_tear_like_00126,tear_like,train,0.8418,0.4104,0.6006,0.463,0.0492,-0.0413,-0.0413,3.18,True,512,512,42000374,True
smp_000249,ses_tear_like_00126,tear_like,train,0.8675,0.43,0.7191,0.5079,0.0776,0.0105,0.0105,-6.48,True,512,512,42000375,True
smp_000250,ses_tear_like_00127,tear_like,train,0.8428,0.3941,0.7096,0.4343,0.0421,-0.0185,0.0185,-4.56,True,512,512,42000376,True
smp_000251,ses_tear_like_00127,tear_like,train,0.7355,0.3444,0.7683,0.4654,0.0541,-0.001,-0.001,-6.12,True,512,512,42000377,True
smp_000252,ses_tear_like_00128,tear_like,train,0.7083,0.3733,0.5999,0.3767,0.0398,-0.0108,-0.0108,1.89,True,512,512,42000378,True
smp_000253,ses_tear_like_00129,tear_like,train,0.6243,0.432,0.7479,0.4226,0.0409,0.0281,-0.0281,3.01,True,512,512,42000379,True
smp_000254,ses_tear_like_00129,tear_like,train,0.622,0.4283,0.6854,0.3475,0.0569,0.0406,-0.0406,-9.34,True,512,512,42000380,True
smp_000255,ses_tear_like_00129,tear_like,train,0.5003,0.4378,0.6152,0.4338,0.0691,-0.0429,-0.0429,-5.07,True,512,512,42000381,True
smp_000256,ses_tear_like_00130,tear_like,test,0.5411,0.44,0.6748,0.5152,0.0586,0.0307,-0.0307,-6.29,True,512,512,42000382,True
smp_000257,ses_tear_like_00130,tear_like,test,0.8972,0.3674,0.8433,0.4451,0.0638,-0.0292,0.0292,-9.96,True,512,512,42000383,True
smp_000258,ses_tear_like_00130,tear_like,test,0.5148,0.4393,0.7138,0.3383,0.0519,-0.0219,-0.0219,-1.96,True,512,512,42000384,True
smp_000259,ses_tear_like_00131,tear_like,train,0.7515,0.3255,0.8072,0.3357,0.0778,-0.0167,-0.0167,2.1,True,512,512,42000385,True
smp_000260,ses_tear_like_00131,tear_like,train,0.7933,0.446,0.8176,0.3989,0.0547,0.0307,0.0307,-0.61,True,512,512,42000386,True
smp_000261,ses_tear_like_00132,tear_like,validation,0.6278,0.3866,0.5969,0.5112,0.0301,-0.0016,0.0016,-4.92,True,512,512,42000387,True
smp_000262,ses_tear_like_00133,tear_like,train,0.6898,0.364,0.7404,0.5188,0.0784,-0.012,-0.012,2.35,True,512,512,42000388,True
smp_000263,ses_tear_like_00133,tear_like,train,0.7934,0.4592,0.6689,0.3858,0.0762,-0.0405,0.0405,-8.37,True,512,512,42000389,True
smp_000264,ses_tear_like_00134,tear_like,train,0.8893,0.4247,0.6933,0.3484,0.0503,0.0115,0.0115,-4.81,True,512,512,42000390,True
smp_000265,ses_tear_like_00134,tear_like,train,0.8838,0.3255,0.6666,0.3463,0.0729,-0.0014,-0.0014,-6.97,True,512,512,42000391,True
smp_000266,ses_tear_like_00135,tear_like,test,0.7392,0.3029,0.8791,0.3639,0.0619,-0.006,0.006,3.19,True,512,512,42000392,True
smp_000267,ses_tear_like_00136,tear_like,test,0.573,0.4591,0.7074,0.3356,0.0307,0.0378,0.0378,-6.96,True,512,512,42000393,True
smp_000268,ses_tear_like_00136,tear_like,test,0.5794,0.4534,0.8818,0.4001,0.0399,-0.0391,0.0391,-8.7,True,512,512,42000394,True
smp_000269,ses_tear_like_00136,tear_like,test,0.8836,0.4273,0.6677,0.3366,0.0773,-0.0339,-0.0339,3.13,True,512,512,42000395,True
smp_000270,ses_tear_like_00137,tear_like,train,0.7929,0.4458,0.8393,0.4352,0.0747,0.0478,0.0478,-4.32,True,512,512,42000396,True
smp_000271,ses_tear_like_00137,tear_like,train,0.7561,0.4412,0.8285,0.441,0.0657,-0.0298,0.0298,-3.93,True,512,512,42000397,True
smp_000272,ses_tear_like_00137,tear_like,train,0.6737,0.4249,0.6096,0.4866,0.0669,0.0256,-0.0256,-3.13,True,512,512,42000398,True
smp_000273,ses_tear_like_00138,tear_like,validation,0.5214,0.3889,0.7237,0.4287,0.0549,-0.0399,-0.0399,-7.12,True,512,512,42000399,True
smp_000274,ses_tear_like_00138,tear_like,validation,0.8493,0.3657,0.8141,0.4219,0.063,-0.0444,0.0444,-2.43,True,512,512,42000400,True
smp_000275,ses_tear_like_00139,tear_like,train,0.5875,0.4359,0.6209,0.3851,0.0358,-0.0208,-0.0208,-2.17,True,512,512,42000401,True
smp_000276,ses_tear_like_00139,tear_like,train,0.7779,0.3923,0.8792,0.3314,0.0337,0.0011,-0.0011,3.4,True,512,512,42000402,True
smp_000277,ses_tear_like_00140,tear_like,train,0.5701,0.4155,0.7668,0.5159,0.0731,0.044,0.044,-5.41,True,512,512,42000403,True
smp_000278,ses_tear_like_00140,tear_like,train,0.5245,0.3062,0.7314,0.4515,0.0414,0.035,-0.035,-4.48,True,512,512,42000404,True
smp_000279,ses_tear_like_00141,tear_like,test,0.5352,0.4131,0.7858,0.3419,0.0425,0.036,0.036,-2.13,True,512,512,42000405,True
smp_000280,ses_tear_like_00142,tear_like,train,0.6308,0.3508,0.8395,0.3869,0.0619,-0.034,0.034,-5.14,True,512,512,42000406,True
smp_000281,ses_tear_like_00143,tear_like,train,0.5202,0.3992,0.6895,0.4151,0.0736,-0.0396,-0.0396,-1.88,True,512,512,42000407,True
smp_000282,ses_tear_like_00143,tear_like,train,0.5589,0.3682,0.8377,0.4727,0.0329,-0.0467,0.0467,-3.74,True,512,512,42000408,True
smp_000283,ses_tear_like_00144,tear_like,validation,0.7641,0.4512,0.7655,0.4917,0.0535,0.0164,0.0164,2.79,True,512,512,42000409,True
smp_000284,ses_tear_like_00144,tear_like,validation,0.7681,0.3764,0.8725,0.4783,0.0586,-0.0333,-0.0333,-9.58,True,512,512,42000410,True
smp_000285,ses_tear_like_00144,tear_like,validation,0.7814,0.361,0.7423,0.349,0.0539,0.0306,0.0306,1.68,True,512,512,42000411,True
smp_000286,ses_tear_like_00145,tear_like,train,0.8106,0.3378,0.7348,0.3535,0.0774,-0.005,-0.005,-1.48,True,512,512,42000412,True
smp_000287,ses_tear_like_00145,tear_like,train,0.7433,0.4446,0.7636,0.3654,0.0658,-0.0121,0.0121,-7.52,True,512,512,42000413,True
smp_000288,ses_tear_like_00145,tear_like,train,0.5132,0.3113,0.6063,0.5043,0.0733,-0.0094,-0.0094,-6.62,True,512,512,42000414,True
smp_000289,ses_tear_like_00146,tear_like,train,0.6969,0.326,0.6625,0.377,0.0611,0.0013,0.0013,-1.62,True,512,512,42000415,True
smp_000290,ses_tear_like_00147,tear_like,train,0.6215,0.3973,0.8307,0.3992,0.0737,0.0018,0.0018,-6.85,True,512,512,42000416,True
smp_000291,ses_tear_like_00148,tear_like,test,0.7061,0.412,0.6295,0.402,0.0637,-0.0487,-0.0487,-10.0,True,512,512,42000417,True
smp_000292,ses_tear_like_00148,tear_like,test,0.6995,0.368,0.7256,0.3517,0.0374,-0.0217,-0.0217,1.2,True,512,512,42000418,True
smp_000293,ses_tear_like_00148,tear_like,test,0.7876,0.3272,0.6574,0.3323,0.0472,0.0361,0.0361,-7.94,True,512,512,42000419,True
smp_000294,ses_tear_like_00149,tear_like,train,0.6947,0.4063,0.8645,0.3576,0.065,-0.048,-0.048,-1.15,True,512,512,42000420,True
smp_000295,ses_tear_like_00150,tear_like,test,0.7755,0.3974,0.8404,0.3705,0.0449,0.0407,-0.0407,-2.04,True,512,512,42000421,True
smp_000296,ses_tear_like_00150,tear_like,test,0.5352,0.425,0.5982,0.5196,0.0585,0.0227,-0.0227,-4.42,True,512,512,42000422,True
smp_000297,ses_tear_like_00150,tear_like,test,0.8635,0.3157,0.5982,0.4563,0.0553,-0.0123,-0.0123,-1.19,True,512,512,42000423,True
smp_000298,ses_tear_like_00151,tear_like,train,0.6699,0.4199,0.8151,0.4057,0.0378,0.0498,-0.0498,0.47,True,512,512,42000424,True
smp_000299,ses_tear_like_00151,tear_like,train,0.8134,0.3088,0.7823,0.3505,0.0528,-0.0081,0.0081,-6.2,True,512,512,42000425,True
smp_000300,ses_tear_like_00152,tear_like,train,0.5123,0.3945,0.833,0.392,0.0743,-0.0128,0.0128,0.9,True,512,512,42000426,True
smp_000301,ses_tear_like_00153,tear_like,train,0.74,0.3737,0.8435,0.3863,0.0383,-0.0383,0.0383,-2.46,True,512,512,42000427,True
smp_000302,ses_tear_like_00153,tear_like,train,0.5781,0.3685,0.6007,0.3695,0.0521,-0.0346,-0.0346,-4.71,True,512,512,42000428,True
smp_000303,ses_tear_like_00154,tear_like,train,0.5121,0.3766,0.6627,0.4793,0.0653,0.0104,0.0104,3.69,True,512,512,42000429,True
smp_000304,ses_tear_like_00155,tear_like,train,0.8333,0.3361,0.5825,0.4344,0.0681,-0.0232,0.0232,-3.93,True,512,512,42000430,True
smp_000305,ses_tear_like_00156,tear_like,train,0.764,0.3502,0.8042,0.3535,0.0524,0.0049,-0.0049,-1.35,True,512,512,42000431,True
smp_000306,ses_tear_like_00156,tear_like,train,0.5935,0.314,0.869,0.4648,0.0694,-0.0432,0.0432,-6.76,True,512,512,42000432,True
smp_000307,ses_tear_like_00157,tear_like,test,0.5132,0.3437,0.8454,0.3588,0.07,0.0256,0.0256,-4.33,True,512,512,42000433,True
smp_000308,ses_tear_like_00157,tear_like,test,0.6375,0.4071,0.6246,0.4344,0.0311,0.0359,-0.0359,3.57,True,512,512,42000434,True
smp_000309,ses_tear_like_00158,tear_like,train,0.5021,0.4382,0.7693,0.3382,0.0757,0.0081,0.0081,-2.91,True,512,512,42000435,True
smp_000310,ses_tear_like_00159,tear_like,train,0.543,0.4495,0.7843,0.4695,0.0795,-0.044,-0.044,2.41,True,512,512,42000436,True
smp_000311,ses_tear_like_00159,tear_like,train,0.6285,0.4408,0.5907,0.3679,0.0417,0.0475,-0.0475,-2.24,True,512,512,42000437,True
smp_000312,ses_tear_like_00160,tear_like,train,0.5772,0.3577,0.6621,0.3789,0.0429,-0.0144,-0.0144,-7.85,True,512,512,42000438,True
smp_000313,ses_tear_like_00160,tear_like,train,0.8198,0.3619,0.598,0.4568,0.0379,0.0241,0.0241,-9.46,True,512,512,42000439,True
smp_000314,ses_tear_like_00160,tear_like,train,0.7509,0.4362,0.7072,0.3937,0.0533,-0.0334,0.0334,0.09,True,512,512,42000440,True
smp_000315,ses_nasal_mucus_like_00161,nasal_mucus_like,validation,0.8294,0.199,0.479,0.1914,0.2209,0.0649,-0.0649,20.24,True,512,512,42000441,True
smp_000316,ses_nasal_mucus_like_00162,nasal_mucus_like,train,0.8082,0.1659,0.5601,0.2332,0.1762,0.0781,0.0781,28.38,True,512,512,42000442,True
smp_000317,ses_nasal_mucus_like_00163,nasal_mucus_like,test,0.7851,0.2271,0.5007,0.1981,0.2447,-0.0386,-0.0386,16.97,True,512,512,42000443,True
smp_000318,ses_nasal_mucus_like_00163,nasal_mucus_like,test,0.7848,0.2126,0.4832,0.1888,0.1473,-0.0516,-0.0516,16.51,True,512,512,42000444,True
smp_000319,ses_nasal_mucus_like_00164,nasal_mucus_like,train,0.5476,0.2485,0.4493,0.1494,0.2381,-0.0409,-0.0409,20.91,True,512,512,42000445,True
smp_000320,ses_nasal_mucus_like_00164,nasal_mucus_like,train,0.6033,0.2537,0.4953,0.1798,0.2034,-0.0873,-0.0873,28.39,True,512,512,42000446,True
smp_000321,ses_nasal_mucus_like_00165,nasal_mucus_like,train,0.7974,0.2335,0.5451,0.1369,0.1991,-0.0456,-0.0456,16.15,True,512,512,42000447,True
smp_000322,ses_nasal_mucus_like_00166,nasal_mucus_like,validation,0.6327,0.2261,0.5029,0.1448,0.2085,-0.0617,0.0617,28.85,True,512,512,42000448,True
smp_000323,ses_nasal_mucus_like_00166,nasal_mucus_like,validation,0.6111,0.2,0.477,0.1944,0.2689,0.0609,0.0609,16.03,True,512,512,42000449,True
smp_000324,ses_nasal_mucus_like_00167,nasal_mucus_like,train,0.8114,0.2164,0.4312,0.1292,0.2572,-0.0659,0.0659,25.29,True,512,512,42000450,True
smp_000325,ses_nasal_mucus_like_00168,nasal_mucus_like,train,0.7123,0.2334,0.6577,0.1533,0.1621,-0.0408,0.0408,25.49,True,512,512,42000451,True
smp_000326,ses_nasal_mucus_like_00168,nasal_mucus_like,train,0.5625,0.2934,0.4595,0.1126,0.2728,0.0507,0.0507,16.71,True,512,512,42000452,True
smp_000327,ses_nasal_mucus_like_00168,nasal_mucus_like,train,0.6297,0.1941,0.6593,0.2306,0.2065,0.093,-0.093,19.81,True,512,512,42000453,True
smp_000328,ses_nasal_mucus_like_00169,nasal_mucus_like,test,0.6829,0.1692,0.6081,0.1722,0.1739,-0.0752,0.0752,22.68,True,512,512,42000454,True
smp_000329,ses_nasal_mucus_like_00170,nasal_mucus_like,train,0.4528,0.2534,0.4281,0.1341,0.1441,0.0732,-0.0732,29.15,True,512,512,42000455,True
smp_000330,ses_nasal_mucus_like_00170,nasal_mucus_like,train,0.7797,0.2323,0.3828,0.1158,0.2183,-0.0453,-0.0453,22.56,True,512,512,42000456,True
smp_000331,ses_nasal_mucus_like_00170,nasal_mucus_like,train,0.4585,0.1718,0.6347,0.1221,0.195,-0.0719,-0.0719,29.08,True,512,512,42000457,True
smp_000332,ses_nasal_mucus_like_00171,nasal_mucus_like,train,0.5496,0.1984,0.4956,0.2075,0.2035,0.0753,0.0753,26.96,True,512,512,42000458,True
smp_000333,ses_nasal_mucus_like_00172,nasal_mucus_like,train,0.5541,0.1912,0.5655,0.2436,0.2162,-0.0798,0.0798,22.04,True,512,512,42000459,True
smp_000334,ses_nasal_mucus_like_00172,nasal_mucus_like,train,0.5752,0.2749,0.5852,0.1718,0.1643,0.0869,-0.0869,21.55,True,512,512,42000460,True
smp_000335,ses_nasal_mucus_like_00173,nasal_mucus_like,train,0.784,0.3131,0.5367,0.1513,0.1707,-0.058,-0.058,22.25,True,512,512,42000461,True
smp_000336,ses_nasal_mucus_like_00173,nasal_mucus_like,train,0.5241,0.2169,0.493,0.1307,0.1883,0.0934,-0.0934,22.72,True,512,512,42000462,True
smp_000337,ses_nasal_mucus_like_00173,nasal_mucus_like,train,0.7216,0.2075,0.5188,0.2093,0.1957,-0.0513,0.0513,18.37,True,512,512,42000463,True
smp_000338,ses_nasal_mucus_like_00174,nasal_mucus_like,train,0.5214,0.3185,0.5805,0.1125,0.152,-0.0842,0.0842,16.7,True,512,512,42000464,True
smp_000339,ses_nasal_mucus_like_00174,nasal_mucus_like,train,0.7902,0.2772,0.5027,0.1561,0.2726,0.0889,0.0889,25.51,True,512,512,42000465,True
smp_000340,ses_nasal_mucus_like_00175,nasal_mucus_like,train,0.4525,0.1613,0.5793,0.245,0.1964,0.0803,0.0803,22.38,True,512,512,42000466,True
smp_000341,ses_nasal_mucus_like_00175,nasal_mucus_like,train,0.5952,0.1892,0.4983,0.2444,0.1466,-0.0916,-0.0916,28.04,True,512,512,42000467,True
smp_000342,ses_nasal_mucus_like_00175,nasal_mucus_like,train,0.7928,0.2321,0.5383,0.103,0.2352,0.0924,-0.0924,27.57,True,512,512,42000468,True
smp_000343,ses_nasal_mucus_like_00176,nasal_mucus_like,validation,0.7688,0.2533,0.396,0.2211,0.2698,-0.0454,0.0454,17.09,True,512,512,42000469,True
smp_000344,ses_nasal_mucus_like_00176,nasal_mucus_like,validation,0.8156,0.2113,0.5059,0.1537,0.1651,0.0761,0.0761,29.13,True,512,512,42000470,True
smp_000345,ses_nasal_mucus_like_00176,nasal_mucus_like,validation,0.5695,0.2552,0.5451,0.1078,0.2708,-0.0735,-0.0735,24.89,True,512,512,42000471,True
smp_000346,ses_nasal_mucus_like_00177,nasal_mucus_like,train,0.7914,0.2703,0.5498,0.1415,0.1862,-0.0318,0.0318,27.83,True,512,512,42000472,True
smp_000347,ses_nasal_mucus_like_00178,nasal_mucus_like,train,0.7715,0.2966,0.4094,0.145,0.2029,-0.0934,0.0934,22.01,True,512,512,42000473,True
smp_000348,ses_nasal_mucus_like_00179,nasal_mucus_like,train,0.5097,0.2411,0.5701,0.2062,0.1915,0.0579,-0.0579,28.21,True,512,512,42000474,True
smp_000349,ses_nasal_mucus_like_00180,nasal_mucus_like,train,0.6569,0.2435,0.6579,0.1986,0.2155,0.0381,-0.0381,21.38,True,512,512,42000475,True
smp_000350,ses_nasal_mucus_like_00181,nasal_mucus_like,test,0.7614,0.2602,0.3869,0.1898,0.2086,-0.0307,0.0307,21.27,True,512,512,42000476,True
smp_000351,ses_nasal_mucus_like_00181,nasal_mucus_like,test,0.6469,0.2442,0.611,0.1719,0.2571,-0.0984,-0.0984,23.76,True,512,512,42000477,True
smp_000352,ses_nasal_mucus_like_00182,nasal_mucus_like,validation,0.7459,0.2299,0.5692,0.2325,0.262,0.0923,-0.0923,24.93,True,512,512,42000478,True
smp_000353,ses_nasal_mucus_like_00183,nasal_mucus_like,train,0.6947,0.3036,0.5947,0.2271,0.272,0.0479,0.0479,22.12,True,512,512,42000479,True
smp_000354,ses_nasal_mucus_like_00184,nasal_mucus_like,train,0.5566,0.2658,0.6269,0.2443,0.2718,-0.0716,-0.0716,24.46,True,512,512,42000480,True
smp_000355,ses_nasal_mucus_like_00184,nasal_mucus_like,train,0.5902,0.1727,0.5524,0.2451,0.2075,0.0404,-0.0404,16.89,True,512,512,42000481,True
smp_000356,ses_nasal_mucus_like_00184,nasal_mucus_like,train,0.6096,0.1953,0.4458,0.1879,0.219,-0.0814,0.0814,16.9,True,512,512,42000482,True
smp_000357,ses_nasal_mucus_like_00185,nasal_mucus_like,train,0.5663,0.1708,0.3925,0.2292,0.1522,-0.0928,-0.0928,15.73,True,512,512,42000483,True
smp_000358,ses_nasal_mucus_like_00185,nasal_mucus_like,train,0.5233,0.2032,0.3958,0.2383,0.2234,0.0573,0.0573,16.24,True,512,512,42000484,True
smp_000359,ses_nasal_mucus_like_00186,nasal_mucus_like,train,0.6971,0.2682,0.4378,0.1574,0.1868,-0.0548,-0.0548,15.6,True,512,512,42000485,True
smp_000360,ses_nasal_mucus_like_00186,nasal_mucus_like,train,0.8036,0.2388,0.4059,0.2043,0.1499,-0.0949,-0.0949,23.9,True,512,512,42000486,True
smp_000361,ses_nasal_mucus_like_00187,nasal_mucus_like,validation,0.5284,0.2078,0.5825,0.2101,0.1625,0.0444,0.0444,22.04,True,512,512,42000487,True
smp_000362,ses_nasal_mucus_like_00187,nasal_mucus_like,validation,0.7479,0.2152,0.4542,0.1473,0.2629,0.0423,-0.0423,15.28,True,512,512,42000488,True
smp_000363,ses_nasal_mucus_like_00187,nasal_mucus_like,validation,0.7427,0.1962,0.4808,0.108,0.2108,0.0893,0.0893,20.97,True,512,512,42000489,True
smp_000364,ses_nasal_mucus_like_00188,nasal_mucus_like,train,0.841,0.1784,0.4403,0.155,0.2566,0.0532,-0.0532,26.98,True,512,512,42000490,True
smp_000365,ses_nasal_mucus_like_00188,nasal_mucus_like,train,0.7395,0.1776,0.5393,0.2189,0.269,-0.0311,0.0311,18.51,True,512,512,42000491,True
smp_000366,ses_nasal_mucus_like_00188,nasal_mucus_like,train,0.5194,0.214,0.5896,0.1433,0.255,0.0567,0.0567,26.45,True,512,512,42000492,True
smp_000367,ses_nasal_mucus_like_00189,nasal_mucus_like,train,0.5376,0.2748,0.5793,0.1268,0.1412,0.0603,0.0603,26.05,True,512,512,42000493,True
smp_000368,ses_nasal_mucus_like_00190,nasal_mucus_like,validation,0.5743,0.3151,0.4869,0.2248,0.2485,0.0541,0.0541,23.26,True,512,512,42000494,True
smp_000369,ses_nasal_mucus_like_00190,nasal_mucus_like,validation,0.6693,0.319,0.5181,0.2336,0.2303,-0.0993,-0.0993,23.24,True,512,512,42000495,True
smp_000370,ses_nasal_mucus_like_00191,nasal_mucus_like,train,0.6416,0.2349,0.4095,0.1533,0.267,-0.0841,0.0841,28.85,True,512,512,42000496,True
smp_000371,ses_nasal_mucus_like_00192,nasal_mucus_like,train,0.7809,0.2212,0.6014,0.1343,0.2789,-0.068,-0.068,16.03,True,512,512,42000497,True
smp_000372,ses_nasal_mucus_like_00192,nasal_mucus_like,train,0.6395,0.289,0.6011,0.1137,0.2227,-0.0715,0.0715,28.39,True,512,512,42000498,True
smp_000373,ses_nasal_mucus_like_00192,nasal_mucus_like,train,0.5709,0.2228,0.5633,0.1965,0.2666,0.0368,-0.0368,17.18,True,512,512,42000499,True
smp_000374,ses_nasal_mucus_like_00193,nasal_mucus_like,train,0.5665,0.3117,0.5369,0.2393,0.2162,0.0389,-0.0389,27.82,True,512,512,42000500,True
smp_000375,ses_nasal_mucus_like_00194,nasal_mucus_like,train,0.7594,0.2349,0.4988,0.1048,0.1569,-0.031,-0.031,17.71,True,512,512,42000501,True
smp_000376,ses_nasal_mucus_like_00194,nasal_mucus_like,train,0.6424,0.2307,0.4646,0.1673,0.1449,-0.0774,0.0774,16.43,True,512,512,42000502,True
smp_000377,ses_nasal_mucus_like_00195,nasal_mucus_like,test,0.6537,0.2145,0.5865,0.1593,0.1735,0.097,0.097,20.28,True,512,512,42000503,True
smp_000378,ses_nasal_mucus_like_00196,nasal_mucus_like,test,0.4811,0.1804,0.5392,0.185,0.2597,-0.0673,-0.0673,17.07,True,512,512,42000504,True
smp_000379,ses_nasal_mucus_like_00196,nasal_mucus_like,test,0.5936,0.1967,0.4217,0.2393,0.2236,0.0771,-0.0771,22.38,True,512,512,42000505,True
smp_000380,ses_nasal_mucus_like_00197,nasal_mucus_like,train,0.7006,0.2561,0.5886,0.2384,0.2274,0.0469,0.0469,17.16,True,512,512,42000506,True
smp_000381,ses_nasal_mucus_like_00198,nasal_mucus_like,validation,0.4538,0.2948,0.511,0.1217,0.2499,-0.0907,0.0907,14.43,True,512,512,42000507,True
smp_000382,ses_nasal_mucus_like_00199,nasal_mucus_like,train,0.5058,0.2336,0.6275,0.1347,0.2061,-0.0616,0.0616,20.6,True,512,512,42000508,True
smp_000383,ses_nasal_mucus_like_00199,nasal_mucus_like,train,0.5267,0.2563,0.4436,0.1431,0.22,0.0794,-0.0794,22.27,True,512,512,42000509,True
smp_000384,ses_nasal_mucus_like_00200,nasal_mucus_like,train,0.6394,0.2221,0.3907,0.1401,0.1686,-0.0752,-0.0752,22.34,True,512,512,42000510,True
smp_000385,ses_nasal_mucus_like_00200,nasal_mucus_like,train,0.5995,0.3143,0.502,0.1043,0.2673,0.0875,0.0875,27.45,True,512,512,42000511,True
smp_000386,ses_other_00201,other,train,0.9193,0.1188,0.3876,0.1107,0.0573,-0.143,0.143,-16.52,True,512,512,42000512,True
smp_000387,ses_other_00202,other,validation,0.7841,0.4507,0.9331,0.2238,0.0888,0.1027,-0.1027,-11.16,True,512,512,42000513,True
smp_000388,ses_other_00202,other,validation,0.6143,0.5243,0.5398,0.507,0.1269,0.0016,-0.0016,22.06,True,512,512,42000514,True
smp_000389,ses_other_00202,other,validation,0.4061,0.3758,0.6211,0.4499,0.2717,0.0665,-0.0665,-21.9,True,512,512,42000515,True
smp_000390,ses_other_00203,other,train,0.4991,0.4191,0.21,0.1422,0.0821,-0.0719,0.0719,-1.97,True,512,512,42000516,True
smp_000391,ses_other_00203,other,train,0.5049,0.2896,0.9573,0.291,0.1278,-0.1103,0.1103,15.63,True,512,512,42000517,True
smp_000392,ses_other_00204,other,train,0.7323,0.2735,0.7909,0.1053,0.2545,0.0993,-0.0993,15.64,True,512,512,42000518,True
smp_000393,ses_other_00204,other,train,0.8416,0.0761,0.6657,0.2507,0.1763,0.0766,0.0766,10.71,True,512,512,42000519,True
smp_000394,ses_other_00204,other,train,0.874,0.1667,0.5218,0.2983,0.1711,-0.0289,-0.0289,9.52,True,512,512,42000520,True
smp_000395,ses_other_00205,other,train,0.4194,0.0765,0.3921,0.4921,0.0741,-0.1063,0.1063,6.24,True,512,512,42000521,True
smp_000396,ses_other_00205,other,train,0.9478,0.5064,0.4356,0.5374,0.2889,0.1402,0.1402,5.4,True,512,512,42000522,True
smp_000397,ses_other_00206,other,train,0.6738,0.5099,0.5783,0.3118,0.1727,-0.1203,-0.1203,17.41,True,512,512,42000523,True
smp_000398,ses_other_00206,other,train,0.6836,0.4597,0.8327,0.2429,0.0563,0.1094,-0.1094,-22.66,True,512,512,42000524,True
smp_000399,ses_other_00206,other,train,0.654,0.345,0.7066,0.2052,0.1904,-0.0045,-0.0045,-23.53,True,512,512,42000525,True
smp_000400,ses_other_00207,other,test,0.6985,0.3664,0.4862,0.1348,0.1613,0.0542,0.0542,-12.09,True,512,512,42000526,True
smp_000401,ses_other_00207,other,test,0.9228,0.2517,0.8544,0.053,0.1108,0.0635,-0.0635,-1.04,True,512,512,42000527,True
smp_000402,ses_other_00208,other,test,0.946,0.1454,0.2318,0.2846,0.1823,-0.087,0.087,3.02,True,512,512,42000528,True
smp_000403,ses_other_00208,other,test,0.8851,0.3762,0.4056,0.2681,0.087,0.0082,0.0082,5.13,True,512,512,42000529,True
smp_000404,ses_other_00209,other,train,0.7317,0.142,0.7078,0.2406,0.2147,0.1448,0.1448,-11.63,True,512,512,42000530,True
smp_000405,ses_other_00209,other,train,0.4931,0.4569,0.4977,0.1122,0.2733,0.0267,-0.0267,-22.37,True,512,512,42000531,True
smp_000406,ses_other_00210,other,train,0.7022,0.4068,0.5447,0.2428,0.1338,0.0578,-0.0578,6.54,True,512,512,42000532,True
smp_000407,ses_other_00210,other,train,0.7166,0.4032,0.8759,0.5456,0.0545,-0.0368,0.0368,-13.9,True,512,512,42000533,True
smp_000408,ses_other_00210,other,train,0.8097,0.1652,0.3093,0.4026,0.1149,0.1194,-0.1194,-9.69,True,512,512,42000534,True
smp_000409,ses_other_00211,other,train,0.7678,0.5275,0.3967,0.1645,0.0709,0.0451,-0.0451,-23.54,True,512,512,42000535,True
smp_000410,ses_other_00211,other,train,0.7618,0.2493,0.3844,0.2749,0.0574,0.0477,-0.0477,-11.89,True,512,512,42000536,True
smp_000411,ses_other_00212,other,test,0.7312,0.0959,0.2983,0.5566,0.1172,0.0366,-0.0366,-21.84,True,512,512,42000537,True
smp_000412,ses_other_00212,other,test,0.4771,0.1314,0.8145,0.28,0.1641,0.1271,-0.1271,-14.54,True,512,512,42000538,True
smp_000413,ses_other_00212,other,test,0.7204,0.5153,0.846,0.4309,0.0881,0.1263,0.1263,0.36,True,512,512,42000539,True
smp_000414,ses_other_00213,other,train,0.9192,0.4663,0.9682,0.5163,0.1705,-0.1195,0.1195,-18.51,True,512,512,42000540,True
smp_000415,ses_other_00214,other,test,0.6123,0.3203,0.5636,0.2736,0.0676,0.0982,-0.0982,-17.96,True,512,512,42000541,True
smp_000416,ses_other_00215,other,train,0.8687,0.3905,0.208,0.1825,0.2333,0.1006,-0.1006,-20.22,True,512,512,42000542,True
smp_000417,ses_other_00215,other,train,0.7643,0.1478,0.8255,0.4801,0.2858,-0.0636,-0.0636,-9.22,True,512,512,42000543,True
smp_000418,ses_other_00216,other,test,0.679,0.1241,0.9421,0.4959,0.2738,0.0947,0.0947,-23.73,True,512,512,42000544,True
smp_000419,ses_other_00216,other,test,0.7383,0.1792,0.4935,0.5241,0.279,0.1154,0.1154,3.73,True,512,512,42000545,True
smp_000420,ses_other_00216,other,test,0.9228,0.5402,0.7039,0.0969,0.2078,0.1375,-0.1375,3.55,True,512,512,42000546,True
smp_000421,ses_other_00217,other,train,0.9382,0.247,0.506,0.2582,0.0806,0.1085,-0.1085,-18.46,True,512,512,42000547,True
smp_000422,ses_other_00217,other,train,0.4364,0.3693,0.9746,0.4407,0.2844,-0.0296,0.0296,-16.51,True,512,512,42000548,True
smp_000423,ses_other_00218,other,test,0.4888,0.3962,0.2689,0.4334,0.1479,-0.013,0.013,-6.75,True,512,512,42000549,True
smp_000424,ses_other_00218,other,test,0.7734,0.51,0.546,0.1713,0.173,0.0395,-0.0395,18.49,True,512,512,42000550,True
smp_000425,ses_other_00218,other,test,0.581,0.0934,0.3247,0.1614,0.2295,-0.0551,0.0551,-17.94,True,512,512,42000551,True
smp_000426,ses_other_00219,other,train,0.7836,0.0865,0.5528,0.3447,0.1408,-0.1085,-0.1085,3.59,True,512,512,42000552,True
smp_000427,ses_other_00219,other,train,0.7874,0.4572,0.3716,0.4359,0.1037,0.1055,0.1055,-15.7,True,512,512,42000553,True
smp_000428,ses_other_00219,other,train,0.5758,0.4209,0.2358,0.4494,0.2397,-0.0027,-0.0027,-20.16,True,512,512,42000554,True
smp_000429,ses_other_00220,other,train,0.6371,0.3306,0.711,0.1121,0.154,0.0459,-0.0459,-0.21,True,512,512,42000555,True
smp_000430,ses_other_00221,other,train,0.7542,0.092,0.7958,0.5768,0.17,-0.1042,0.1042,24.12,True,512,512,42000556,True
smp_000431,ses_other_00221,other,train,0.6571,0.1649,0.4455,0.5973,0.1923,-0.1242,0.1242,0.99,True,512,512,42000557,True
smp_000432,ses_other_00221,other,train,0.5841,0.3184,0.9658,0.3049,0.1938,0.1407,0.1407,-18.44,True,512,512,42000558,True
smp_000433,ses_other_00222,other,validation,0.692,0.2031,0.8422,0.0653,0.0712,0.0095,-0.0095,-0.83,True,512,512,42000559,True
smp_000434,ses_other_00222,other,validation,0.6175,0.2965,0.6902,0.4721,0.11,0.1201,0.1201,-6.41,True,512,512,42000560,True
smp_000435,ses_other_00222,other,validation,0.7276,0.4111,0.6125,0.2869,0.2944,0.0898,-0.0898,22.24,True,512,512,42000561,True
smp_000436,ses_other_00223,other,train,0.8865,0.2047,0.8976,0.2743,0.2541,-0.0179,0.0179,24.79,True,512,512,42000562,True
smp_000437,ses_other_00223,other,train,0.716,0.3712,0.5803,0.1617,0.2709,0.0323,0.0323,-10.78,True,512,512,42000563,True
smp_000438,ses_other_00224,other,train,0.5238,0.1259,0.4195,0.4726,0.1472,0.0274,0.0274,-20.48,True,512,512,42000564,True
smp_000439,ses_other_00224,other,train,0.7777,0.4102,0.4374,0.5685,0.289,-0.1132,-0.1132,-5.88,True,512,512,42000565,True
smp_000440,ses_other_00225,other,train,0.4833,0.5204,0.5117,0.0939,0.208,-0.0531,-0.0531,17.86,True,512,512,42000566,True
smp_000441,ses_other_00225,other,train,0.7164,0.119,0.724,0.1413,0.1367,-0.142,0.142,-0.51,True,512,512,42000567,True
smp_000442,ses_other_00225,other,train,0.8064,0.2113,0.7033,0.547,0.1518,0.0708,0.0708,17.92,True,512,512,42000568,True
smp_000443,ses_other_00226,other,train,0.4689,0.4639,0.2783,0.565,0.221,0.0798,0.0798,8.91,True,512,512,42000569,True
smp_000444,ses_other_00227,other,train,0.5519,0.1994,0.491,0.0784,0.0517,-0.0467,0.0467,-19.36,True,512,512,42000570,True
smp_000445,ses_other_00227,other,train,0.8101,0.1454,0.7256,0.2274,0.2998,-0.0511,-0.0511,6.63,True,512,512,42000571,True
smp_000446,ses_other_00228,other,train,0.4326,0.241,0.5518,0.0613,0.113,-0.1244,-0.1244,22.83,True,512,512,42000572,True
smp_000447,ses_other_00228,other,train,0.5888,0.2967,0.453,0.0984,0.2067,0.0204,-0.0204,8.84,True,512,512,42000573,True
smp_000448,ses_other_00229,other,validation,0.812,0.2521,0.5593,0.2564,0.0813,-0.0383,-0.0383,-5.43,True,512,512,42000574,True
smp_000449,ses_other_00230,other,train,0.9352,0.3161,0.2587,0.4922,0.2664,0.0781,0.0781,8.72,True,512,512,42000575,True
smp_000450,ses_other_00230,other,train,0.8141,0.0503,0.511,0.3825,0.1114,-0.0137,-0.0137,-5.07,True,512,512,42000576,True
smp_000451,ses_other_00231,other,test,0.5383,0.292,0.9729,0.3362,0.2341,-0.0882,-0.0882,7.28,True,512,512,42000577,True
smp_000452,ses_other_00231,other,test,0.4136,0.4343,0.7476,0.5294,0.0688,-0.1453,0.1453,4.12,True,512,512,42000578,True
smp_000453,ses_other_00231,other,test,0.6417,0.1979,0.6691,0.2796,0.1527,0.1183,-0.1183,-14.09,True,512,512,42000579,True
smp_000454,ses_other_00232,other,train,0.8952,0.3551,0.4287,0.2071,0.1892,-0.0013,-0.0013,20.19,True,512,512,42000580,True
smp_000455,ses_other_00232,other,train,0.5951,0.3668,0.2292,0.3348,0.0869,-0.0595,0.0595,4.91,True,512,512,42000581,True
smp_000456,ses_other_00232,other,train,0.5669,0.3534,0.6292,0.0797,0.2794,0.0287,-0.0287,-12.09,True,512,512,42000582,True
smp_000457,ses_other_00233,other,validation,0.7934,0.1405,0.4182,0.3694,0.112,0.0229,0.0229,10.8,True,512,512,42000583,True
smp_000458,ses_other_00233,other,validation,0.5277,0.1019,0.4214,0.2285,0.0525,0.1447,-0.1447,-1.45,True,512,512,42000584,True
smp_000459,ses_other_00233,other,validation,0.7968,0.4988,0.9098,0.5998,0.1176,-0.1351,0.1351,11.41,True,512,512,42000585,True
smp_000460,ses_other_00234,other,validation,0.6211,0.2553,0.8456,0.1572,0.1261,-0.0103,0.0103,15.78,True,512,512,42000586,True
smp_000461,ses_other_00234,other,validation,0.553,0.5293,0.9378,0.4221,0.0843,0.1232,-0.1232,-3.28,True,512,512,42000587,True
smp_000462,ses_other_00235,other,train,0.5141,0.3185,0.7621,0.3541,0.121,0.1363,0.1363,-5.2,True,512,512,42000588,True
smp_000463,ses_other_00235,other,train,0.8034,0.1243,0.8201,0.334,0.1099,-0.0497,0.0497,-20.19,True,512,512,42000589,True
smp_000464,ses_other_00236,other,train,0.7746,0.0624,0.8421,0.3664,0.1083,0.0507,-0.0507,-15.82,True,512,512,42000590,True
smp_000465,ses_other_00236,other,train,0.5827,0.4468,0.4832,0.4011,0.277,0.084,0.084,19.97,True,512,512,42000591,True
smp_000466,ses_other_00237,other,train,0.888,0.1453,0.2662,0.1203,0.1889,0.0957,-0.0957,-22.22,True,512,512,42000592,True
smp_000467,ses_other_00237,other,train,0.6519,0.3809,0.6781,0.1146,0.2848,-0.1243,0.1243,21.48,True,512,512,42000593,True
smp_000468,ses_other_00238,other,train,0.649,0.3404,0.4044,0.4841,0.2928,0.0922,0.0922,-1.84,True,512,512,42000594,True
smp_000469,ses_other_00238,other,train,0.8244,0.2884,0.2979,0.5246,0.2571,-0.1354,0.1354,-9.49,True,512,512,42000595,True
smp_000470,ses_other_00238,other,train,0.6446,0.4174,0.4399,0.1348,0.2176,0.0708,0.0708,-23.43,True,512,512,42000596,True
smp_000471,ses_other_00239,other,train,0.6303,0.1439,0.9669,0.5568,0.2503,0.1039,-0.1039,-12.53,True,512,512,42000597,True
smp_000472,ses_other_00240,other,train,0.4652,0.1748,0.6483,0.5463,0.1851,-0.1108,0.1108,13.4,True,512,512,42000598,True
smp_000473,ses_other_00240,other,train,0.509,0.3014,0.2283,0.0746,0.1122,-0.1198,0.1198,19.42,True,512,512,42000599,True
smp_000474,ses_other_00240,other,train,0.443,0.4497,0.7315,0.3714,0.1885,0.0689,0.0689,17.04,True,512,512,42000600,True
smp_000475,ses_invalid_00241,invalid,train,0.1398,0.0,0.4214,0.175,0.1676,-0.0489,0.0489,-5.61,False,512,512,42000601,True
smp_000476,ses_invalid_00241,invalid,train,0.2764,0.0,0.2579,0.1681,0.0687,0.0346,-0.0346,-3.52,False,512,512,42000602,True
smp_000477,ses_invalid_00241,invalid,train,0.2611,0.0,0.4341,0.2842,0.1162,0.012,0.012,-9.5,False,512,512,42000603,True
smp_000478,ses_invalid_00242,invalid,test,0.0853,0.0,0.3649,0.2139,0.0896,0.0932,0.0932,5.58,False,512,512,42000604,True
smp_000479,ses_invalid_00242,invalid,test,0.1741,0.0,0.2735,0.1791,0.1541,0.0712,0.0712,-2.16,False,512,512,42000605,True
smp_000480,ses_invalid_00243,invalid,validation,0.2426,0.0,0.4713,0.2158,0.1939,-0.0651,-0.0651,-4.82,False,512,512,42000606,True
smp_000481,ses_invalid_00243,invalid,validation,0.1604,0.0,0.2822,0.2502,0.1833,-0.0898,-0.0898,-5.34,False,512,512,42000607,True
smp_000482,ses_invalid_00244,invalid,train,0.2699,0.0,0.347,0.12,0.1699,0.0619,0.0619,3.21,False,512,512,42000608,True
smp_000483,ses_invalid_00244,invalid,train,0.2179,0.0,0.2642,0.1537,0.0524,-0.0066,0.0066,-0.14,False,512,512,42000609,True
smp_000484,ses_invalid_00244,invalid,train,0.1181,0.0,0.2544,0.2651,0.0517,0.0808,-0.0808,-9.8,False,512,512,42000610,True
smp_000485,ses_invalid_00245,invalid,train,0.1691,0.0,0.5441,0.2604,0.1936,-0.0026,-0.0026,-7.75,False,512,512,42000611,True
smp_000486,ses_invalid_00245,invalid,train,0.0532,0.0,0.4803,0.167,0.1889,-0.0142,-0.0142,-5.82,False,512,512,42000612,True
smp_000487,ses_invalid_00245,invalid,train,0.2826,0.0,0.3981,0.1357,0.1223,0.0789,0.0789,-7.21,False,512,512,42000613,True
smp_000488,ses_invalid_00246,invalid,train,0.1975,0.0,0.2891,0.1415,0.0747,0.0413,-0.0413,-1.94,False,512,512,42000614,True
smp_000489,ses_invalid_00246,invalid,train,0.1236,0.0,0.5447,0.1958,0.1824,0.0034,-0.0034,-6.73,False,512,512,42000615,True
smp_000490,ses_invalid_00246,invalid,train,0.1543,0.0,0.2792,0.2102,0.1248,0.0084,-0.0084,-5.93,False,512,512,42000616,True
smp_000491,ses_invalid_00247,invalid,train,0.1974,0.0,0.3058,0.2453,0.0759,0.0349,-0.0349,-2.29,False,512,512,42000617,True
smp_000492,ses_invalid_00247,invalid,train,0.0902,0.0,0.4291,0.2857,0.08,0.0471,-0.0471,-7.78,False,512,512,42000618,True
smp_000493,ses_invalid_00248,invalid,train,0.0954,0.0,0.4742,0.2278,0.17,0.008,0.008,-8.32,False,512,512,42000619,True
smp_000494,ses_invalid_00248,invalid,train,0.2447,0.0,0.3262,0.1823,0.1165,-0.0323,0.0323,-6.24,False,512,512,42000620,True
smp_000495,ses_invalid_00248,invalid,train,0.2018,0.0,0.541,0.2243,0.12,0.0774,0.0774,-2.06,False,512,512,42000621,True
smp_000496,ses_invalid_00249,invalid,validation,0.1503,0.0,0.3046,0.1526,0.0925,0.0132,-0.0132,3.31,False,512,512,42000622,True
smp_000497,ses_invalid_00249,invalid,validation,0.1164,0.0,0.5231,0.1683,0.1239,0.0138,-0.0138,-9.91,False,512,512,42000623,True
smp_000498,ses_invalid_00250,invalid,validation,0.0518,0.0,0.4833,0.101,0.0861,-0.0812,0.0812,-7.18,False,512,512,42000624,True
smp_000499,ses_invalid_00251,invalid,train,0.1135,0.0,0.472,0.156,0.056,0.0828,-0.0828,5.56,False,512,512,42000625,True
smp_000500,ses_invalid_00251,invalid,train,0.1072,0.0,0.3238,0.2469,0.1312,-0.0348,0.0348,-7.0,False,512,512,42000626,True
smp_000501,ses_invalid_00251,invalid,train,0.15,0.0,0.3872,0.1171,0.0863,0.0262,0.0262,7.61,False,512,512,42000627,True
smp_000502,ses_invalid_00252,invalid,train,0.1863,0.0,0.4651,0.2811,0.0976,-0.0764,-0.0764,6.17,False,512,512,42000628,True
smp_000503,ses_invalid_00252,invalid,train,0.1948,0.0,0.3088,0.2008,0.0911,0.0274,0.0274,-1.4,False,512,512,42000629,True
smp_000504,ses_invalid_00253,invalid,train,0.1702,0.0,0.3731,0.1438,0.1022,-0.095,0.095,2.5,False,512,512,42000630,True
smp_000505,ses_invalid_00253,invalid,train,0.1433,0.0,0.305,0.1983,0.1957,-0.0323,0.0323,-6.03,False,512,512,42000631,True
smp_000506,ses_invalid_00254,invalid,train,0.2628,0.0,0.3222,0.2627,0.0818,0.0078,0.0078,9.77,False,512,512,42000632,True
smp_000507,ses_invalid_00254,invalid,train,0.1622,0.0,0.3896,0.2688,0.0961,0.0416,0.0416,-2.11,False,512,512,42000633,True
smp_000508,ses_invalid_00255,invalid,train,0.252,0.0,0.4257,0.1294,0.0764,0.0863,-0.0863,6.4,False,512,512,42000634,True
smp_000509,ses_invalid_00256,invalid,train,0.0505,0.0,0.3212,0.2521,0.1556,0.0579,0.0579,0.5,False,512,512,42000635,True
smp_000510,ses_invalid_00256,invalid,train,0.2038,0.0,0.4564,0.2901,0.0775,0.0816,-0.0816,-4.94,False,512,512,42000636,True
smp_000511,ses_invalid_00256,invalid,train,0.279,0.0,0.4321,0.1531,0.0547,-0.0281,0.0281,2.37,False,512,512,42000637,True
smp_000512,ses_invalid_00257,invalid,validation,0.1226,0.0,0.4646,0.2078,0.129,-0.0608,0.0608,-4.7,False,512,512,42000638,True
smp_000513,ses_invalid_00257,invalid,validation,0.2802,0.0,0.46,0.1604,0.0988,0.0381,-0.0381,0.04,False,512,512,42000639,True
smp_000514,ses_invalid_00258,invalid,train,0.139,0.0,0.5011,0.2463,0.063,-0.0778,0.0778,2.08,False,512,512,42000640,True
smp_000515,ses_invalid_00258,invalid,train,0.1887,0.0,0.4722,0.1919,0.0665,-0.0432,-0.0432,-6.56,False,512,512,42000641,True
smp_000516,ses_invalid_00258,invalid,train,0.1689,0.0,0.2139,0.1192,0.1474,0.0345,0.0345,1.51,False,512,512,42000642,True
smp_000517,ses_invalid_00259,invalid,train,0.2251,0.0,0.5178,0.2238,0.1422,0.0534,0.0534,-3.8,False,512,512,42000643,True
smp_000518,ses_invalid_00259,invalid,train,0.17,0.0,0.3759,0.2312,0.0915,0.0384,-0.0384,1.42,False,512,512,42000644,True
smp_000519,ses_invalid_00260,invalid,train,0.12,0.0,0.4811,0.1343,0.0604,0.0587,0.0587,-3.28,False,512,512,42000645,True
smp_000520,ses_invalid_00260,invalid,train,0.1216,0.0,0.2214,0.12,0.1495,0.0638,0.0638,-8.6,False,512,512,42000646,True
smp_000521,ses_invalid_00260,invalid,train,0.2694,0.0,0.2625,0.2396,0.0566,0.0301,-0.0301,-2.25,False,512,512,42000647,True
smp_000522,ses_invalid_00261,invalid,train,0.0776,0.0,0.2726,0.2144,0.1892,-0.0953,-0.0953,1.47,False,512,512,42000648,True
smp_000523,ses_invalid_00262,invalid,train,0.1978,0.0,0.2914,0.1071,0.0808,-0.027,0.027,6.31,False,512,512,42000649,True
smp_000524,ses_invalid_00262,invalid,train,0.215,0.0,0.468,0.213,0.199,0.0598,0.0598,8.9,False,512,512,42000650,True
smp_000525,ses_invalid_00263,invalid,train,0.1716,0.0,0.2656,0.1708,0.1555,0.0993,-0.0993,4.4,False,512,512,42000651,True
smp_000526,ses_invalid_00263,invalid,train,0.123,0.0,0.32,0.2531,0.1702,-0.089,-0.089,4.62,False,512,512,42000652,True
smp_000527,ses_invalid_00264,invalid,train,0.2296,0.0,0.4085,0.2014,0.0827,0.0639,-0.0639,2.27,False,512,512,42000653,True
smp_000528,ses_invalid_00265,invalid,train,0.0868,0.0,0.2704,0.1646,0.0953,-0.0496,-0.0496,0.28,False,512,512,42000654,True
smp_000529,ses_invalid_00265,invalid,train,0.176,0.0,0.3893,0.2924,0.1678,0.0988,0.0988,6.49,False,512,512,42000655,True
smp_000530,ses_invalid_00265,invalid,train,0.1784,0.0,0.4939,0.1431,0.1327,0.0673,-0.0673,1.65,False,512,512,42000656,True
smp_000531,ses_invalid_00266,invalid,train,0.1919,0.0,0.4922,0.197,0.0891,0.014,0.014,-9.04,False,512,512,42000657,True
smp_000532,ses_invalid_00266,invalid,train,0.2237,0.0,0.3439,0.2727,0.0628,0.0778,-0.0778,7.37,False,512,512,42000658,True
smp_000533,ses_invalid_00267,invalid,validation,0.0534,0.0,0.3504,0.1145,0.1422,0.0739,-0.0739,-0.89,False,512,512,42000659,True
smp_000534,ses_invalid_00268,invalid,validation,0.265,0.0,0.2595,0.1643,0.0522,-0.0068,0.0068,9.25,False,512,512,42000660,True
smp_000535,ses_invalid_00268,invalid,validation,0.2767,0.0,0.4791,0.1708,0.0656,0.0102,-0.0102,-0.45,False,512,512,42000661,True
smp_000536,ses_invalid_00269,invalid,train,0.2264,0.0,0.5238,0.1655,0.1827,0.0057,0.0057,3.31,False,512,512,42000662,True
smp_000537,ses_invalid_00269,invalid,train,0.2476,0.0,0.4923,0.2361,0.1108,-0.0729,-0.0729,-0.21,False,512,512,42000663,True
smp_000538,ses_invalid_00270,invalid,train,0.0759,0.0,0.3622,0.2868,0.1287,0.0708,0.0708,9.9,False,512,512,42000664,True
smp_000539,ses_invalid_00270,invalid,train,0.258,0.0,0.2129,0.2597,0.1515,-0.0903,-0.0903,-1.71,False,512,512,42000665,True
smp_000540,ses_invalid_00271,invalid,train,0.1343,0.0,0.5325,0.15,0.0723,-0.0697,-0.0697,-9.83,False,512,512,42000666,True
smp_000541,ses_invalid_00271,invalid,train,0.2149,0.0,0.301,0.157,0.1843,0.0375,0.0375,-4.86,False,512,512,42000667,True
smp_000542,ses_invalid_00271,invalid,train,0.1632,0.0,0.3512,0.1223,0.1665,-0.029,-0.029,9.35,False,512,512,42000668,True
smp_000543,ses_invalid_00272,invalid,test,0.1628,0.0,0.3548,0.1709,0.1849,0.0446,-0.0446,-8.55,False,512,512,42000669,True
smp_000544,ses_invalid_00273,invalid,train,0.2187,0.0,0.2324,0.2235,0.1571,0.0605,-0.0605,-0.37,False,512,512,42000670,True
smp_000545,ses_invalid_00274,invalid,train,0.1122,0.0,0.2534,0.2602,0.1932,-0.0319,0.0319,-2.14,False,512,512,42000671,True
smp_000546,ses_invalid_00275,invalid,train,0.1532,0.0,0.3541,0.1295,0.1747,-0.0208,0.0208,4.23,False,512,512,42000672,True
smp_000547,ses_invalid_00276,invalid,validation,0.1764,0.0,0.3759,0.2521,0.0981,0.0807,0.0807,0.81,False,512,512,42000673,True
smp_000548,ses_invalid_00276,invalid,validation,0.2733,0.0,0.3506,0.2151,0.0754,-0.0405,-0.0405,7.32,False,512,512,42000674,True
smp_000549,ses_invalid_00277,invalid,train,0.2425,0.0,0.5046,0.1085,0.0585,-0.038,0.038,-8.14,False,512,512,42000675,True
smp_000550,ses_invalid_00277,invalid,train,0.1732,0.0,0.4843,0.1576,0.1673,-0.0741,0.0741,5.02,False,512,512,42000676,True
smp_000551,ses_invalid_00277,invalid,train,0.1342,0.0,0.3501,0.1361,0.0901,-0.0542,0.0542,-4.38,False,512,512,42000677,True
smp_000552,ses_invalid_00278,invalid,validation,0.1022,0.0,0.243,0.1985,0.1811,-0.0717,0.0717,-9.51,False,512,512,42000678,True
smp_000553,ses_invalid_00279,invalid,train,0.1421,0.0,0.3451,0.2317,0.1342,0.0604,-0.0604,-8.4,False,512,512,42000679,True
smp_000554,ses_invalid_00279,invalid,train,0.1325,0.0,0.3799,0.1957,0.0709,-0.074,-0.074,-5.66,False,512,512,42000680,True
smp_000555,ses_invalid_00279,invalid,train,0.0939,0.0,0.2104,0.1354,0.1222,0.0802,0.0802,-7.15,False,512,512,42000681,True
smp_000556,ses_invalid_00280,invalid,test,0.1992,0.0,0.3394,0.2922,0.0608,-0.077,-0.077,-1.01,False,512,512,42000682,True
